coverage_id,scale,category,row_name,window_name,achieved_qps,error_rate,latency_p95_ms,sample_count,source_stage,source_artifact,method
50.fault.az_stop,50,fault,az_stop,event,470.588,0.0,2.99,8,P33_FAULT_FAILOVER_MATRIX_50_REAL,artifacts/phases/P33_FAULT_FAILOVER_MATRIX_50_REAL/workload_windows.json,copy_workload_window_metrics
50.fault.fault_period_workload_impact,50,fault,fault_period_workload_impact,event,296.296,0.0,3.68,8,P33_FAULT_FAILOVER_MATRIX_50_REAL,artifacts/phases/P33_FAULT_FAILOVER_MATRIX_50_REAL/workload_windows.json,copy_workload_window_metrics
50.fault.majority_partition,50,fault,majority_partition,event,0.0,1.0,0.0,12,P33_FAULT_FAILOVER_MATRIX_50_REAL,artifacts/phases/P33_FAULT_FAILOVER_MATRIX_50_REAL/workload_windows.json,copy_workload_window_metrics
50.fault.minority_partition,50,fault,minority_partition,event,0.0,1.0,0.0,12,P33_FAULT_FAILOVER_MATRIX_50_REAL,artifacts/phases/P33_FAULT_FAILOVER_MATRIX_50_REAL/workload_windows.json,copy_workload_window_metrics
50.fault.network_delay,50,fault,network_delay,event,6.202,0.0,164.217,12,P33_FAULT_FAILOVER_MATRIX_50_REAL,artifacts/phases/P33_FAULT_FAILOVER_MATRIX_50_REAL/workload_windows.json,copy_workload_window_metrics
50.fault.network_flap,50,fault,network_flap,event,240.0,0.5,4.475,12,P33_FAULT_FAILOVER_MATRIX_50_REAL,artifacts/phases/P33_FAULT_FAILOVER_MATRIX_50_REAL/workload_windows.json,copy_workload_window_metrics
50.fault.network_loss,50,fault,network_loss,event,333.333,0.5,4.498,12,P33_FAULT_FAILOVER_MATRIX_50_REAL,artifacts/phases/P33_FAULT_FAILOVER_MATRIX_50_REAL/workload_windows.json,copy_workload_window_metrics
50.fault.network_partition,50,fault,network_partition,event,0.0,1.0,0.0,12,P33_FAULT_FAILOVER_MATRIX_50_REAL,artifacts/phases/P33_FAULT_FAILOVER_MATRIX_50_REAL/workload_windows.json,copy_workload_window_metrics
50.fault.node_host_stop,50,fault,node_host_stop,event,111.111,0.875,2.797,8,P33_FAULT_FAILOVER_MATRIX_50_REAL,artifacts/phases/P33_FAULT_FAILOVER_MATRIX_50_REAL/workload_windows.json,copy_workload_window_metrics
50.fault.primary_stop_failover,50,fault,primary_stop_failover,event,533.333,0.0,2.326,8,P33_FAULT_FAILOVER_MATRIX_50_REAL,artifacts/phases/P33_FAULT_FAILOVER_MATRIX_50_REAL/workload_windows.json,copy_workload_window_metrics
50.fault.primary_stop_failover,50,fault,primary_stop_failover,event,571.429,0.0,2.508,8,P33_FAULT_FAILOVER_MATRIX_50_REAL,artifacts/phases/P33_FAULT_FAILOVER_MATRIX_50_REAL/workload_windows.json,copy_workload_window_metrics
50.fault.primary_stop_failover,50,fault,primary_stop_failover,event,615.385,0.0,2.382,8,P33_FAULT_FAILOVER_MATRIX_50_REAL,artifacts/phases/P33_FAULT_FAILOVER_MATRIX_50_REAL/workload_windows.json,copy_workload_window_metrics
50.fault.replica_stop,50,fault,replica_stop,event,0.0,1.0,0.0,8,P33_FAULT_FAILOVER_MATRIX_50_REAL,artifacts/phases/P33_FAULT_FAILOVER_MATRIX_50_REAL/workload_windows.json,copy_workload_window_metrics
50.fault.split_brain_window_detection,50,fault,split_brain_window_detection,event,275.862,0.0,5.429,8,P33_FAULT_FAILOVER_MATRIX_50_REAL,artifacts/phases/P33_FAULT_FAILOVER_MATRIX_50_REAL/workload_windows.json,copy_workload_window_metrics
50.lifecycle.baseline_workload,50,lifecycle,baseline_workload,baseline,14.021689,0.0,76.257052,6,P36_FULL_FLOW_E2E_50_100_200_REAL,artifacts/phases/P36_FULL_FLOW_E2E_50_100_200_REAL/workload_windows.json,copy_workload_window_metrics
50.lifecycle.telemetry_collect,50,lifecycle,telemetry_collect,all_run,6.959535,0.0,86.373165,20,P36_FULL_FLOW_E2E_50_100_200_REAL,artifacts/phases/P36_FULL_FLOW_E2E_50_100_200_REAL/workload_windows.json,copy_workload_window_metrics
50.lifecycle.telemetry_collect,50,lifecycle,telemetry_collect,all_run,13.622509,0.0,73.345561,20,P36_FULL_FLOW_E2E_50_100_200_REAL,artifacts/phases/P36_FULL_FLOW_E2E_50_100_200_REAL/workload_windows.json,copy_workload_window_metrics
50.lifecycle.telemetry_collect,50,lifecycle,telemetry_collect,baseline,13.151735,0.0,78.761964,4,P36_FULL_FLOW_E2E_50_100_200_REAL,artifacts/phases/P36_FULL_FLOW_E2E_50_100_200_REAL/workload_windows.json,copy_workload_window_metrics
50.lifecycle.telemetry_collect,50,lifecycle,telemetry_collect,baseline,13.994149,0.0,77.89786,4,P36_FULL_FLOW_E2E_50_100_200_REAL,artifacts/phases/P36_FULL_FLOW_E2E_50_100_200_REAL/workload_windows.json,copy_workload_window_metrics
50.lifecycle.telemetry_collect,50,lifecycle,telemetry_collect,event,2.325086,0.0,82.880417,4,P36_FULL_FLOW_E2E_50_100_200_REAL,artifacts/phases/P36_FULL_FLOW_E2E_50_100_200_REAL/workload_windows.json,copy_workload_window_metrics
50.lifecycle.telemetry_collect,50,lifecycle,telemetry_collect,event,9.67735,0.0,72.254314,4,P36_FULL_FLOW_E2E_50_100_200_REAL,artifacts/phases/P36_FULL_FLOW_E2E_50_100_200_REAL/workload_windows.json,copy_workload_window_metrics
50.lifecycle.telemetry_collect,50,lifecycle,telemetry_collect,post_recovery,13.654922,0.0,94.413044,4,P36_FULL_FLOW_E2E_50_100_200_REAL,artifacts/phases/P36_FULL_FLOW_E2E_50_100_200_REAL/workload_windows.json,copy_workload_window_metrics
50.lifecycle.telemetry_collect,50,lifecycle,telemetry_collect,post_recovery,15.319224,0.0,71.203591,4,P36_FULL_FLOW_E2E_50_100_200_REAL,artifacts/phases/P36_FULL_FLOW_E2E_50_100_200_REAL/workload_windows.json,copy_workload_window_metrics
50.lifecycle.telemetry_collect,50,lifecycle,telemetry_collect,pre_event,15.235546,0.0,73.738819,4,P36_FULL_FLOW_E2E_50_100_200_REAL,artifacts/phases/P36_FULL_FLOW_E2E_50_100_200_REAL/workload_windows.json,copy_workload_window_metrics
50.lifecycle.telemetry_collect,50,lifecycle,telemetry_collect,pre_event,15.079919,0.0,70.399823,4,P36_FULL_FLOW_E2E_50_100_200_REAL,artifacts/phases/P36_FULL_FLOW_E2E_50_100_200_REAL/workload_windows.json,copy_workload_window_metrics
50.lifecycle.telemetry_collect,50,lifecycle,telemetry_collect,recovery,13.659278,0.0,78.762283,4,P36_FULL_FLOW_E2E_50_100_200_REAL,artifacts/phases/P36_FULL_FLOW_E2E_50_100_200_REAL/workload_windows.json,copy_workload_window_metrics
50.lifecycle.telemetry_collect,50,lifecycle,telemetry_collect,recovery,16.565219,0.0,70.903342,4,P36_FULL_FLOW_E2E_50_100_200_REAL,artifacts/phases/P36_FULL_FLOW_E2E_50_100_200_REAL/workload_windows.json,copy_workload_window_metrics
50.management.add_replica,50,management,add_replica,all_run,10.856456,0.0,77.800601,20,P30_MANAGEMENT_MATRIX_50_REAL,artifacts/phases/P30_MANAGEMENT_MATRIX_50_REAL/workload_windows.json,copy_workload_window_metrics
50.management.add_replica,50,management,add_replica,baseline,15.404439,0.0,67.193517,4,P30_MANAGEMENT_MATRIX_50_REAL,artifacts/phases/P30_MANAGEMENT_MATRIX_50_REAL/workload_windows.json,copy_workload_window_metrics
50.management.add_replica,50,management,add_replica,event,5.269817,0.0,74.853031,4,P30_MANAGEMENT_MATRIX_50_REAL,artifacts/phases/P30_MANAGEMENT_MATRIX_50_REAL/workload_windows.json,copy_workload_window_metrics
50.management.add_replica,50,management,add_replica,post_recovery,14.215664,0.0,76.777078,4,P30_MANAGEMENT_MATRIX_50_REAL,artifacts/phases/P30_MANAGEMENT_MATRIX_50_REAL/workload_windows.json,copy_workload_window_metrics
50.management.add_replica,50,management,add_replica,pre_event,14.945866,0.0,70.789773,4,P30_MANAGEMENT_MATRIX_50_REAL,artifacts/phases/P30_MANAGEMENT_MATRIX_50_REAL/workload_windows.json,copy_workload_window_metrics
50.management.add_replica,50,management,add_replica,recovery,14.631577,0.0,76.870591,4,P30_MANAGEMENT_MATRIX_50_REAL,artifacts/phases/P30_MANAGEMENT_MATRIX_50_REAL/workload_windows.json,copy_workload_window_metrics
50.management.create_cluster,50,management,create_cluster,all_run,10.565343,0.0,79.199218,20,P30_MANAGEMENT_MATRIX_50_REAL,artifacts/phases/P30_MANAGEMENT_MATRIX_50_REAL/workload_windows.json,copy_workload_window_metrics
50.management.create_cluster,50,management,create_cluster,baseline,15.274354,0.0,74.457467,4,P30_MANAGEMENT_MATRIX_50_REAL,artifacts/phases/P30_MANAGEMENT_MATRIX_50_REAL/workload_windows.json,copy_workload_window_metrics
50.management.create_cluster,50,management,create_cluster,event,4.918886,0.0,79.286992,4,P30_MANAGEMENT_MATRIX_50_REAL,artifacts/phases/P30_MANAGEMENT_MATRIX_50_REAL/workload_windows.json,copy_workload_window_metrics
50.management.create_cluster,50,management,create_cluster,post_recovery,14.620228,0.0,70.011871,4,P30_MANAGEMENT_MATRIX_50_REAL,artifacts/phases/P30_MANAGEMENT_MATRIX_50_REAL/workload_windows.json,copy_workload_window_metrics
50.management.create_cluster,50,management,create_cluster,pre_event,14.833707,0.0,72.434458,4,P30_MANAGEMENT_MATRIX_50_REAL,artifacts/phases/P30_MANAGEMENT_MATRIX_50_REAL/workload_windows.json,copy_workload_window_metrics
50.management.create_cluster,50,management,create_cluster,recovery,14.618923,0.0,77.315964,4,P30_MANAGEMENT_MATRIX_50_REAL,artifacts/phases/P30_MANAGEMENT_MATRIX_50_REAL/workload_windows.json,copy_workload_window_metrics
50.management.meet_nodes,50,management,meet_nodes,all_run,10.82078,0.0,77.175598,20,P30_MANAGEMENT_MATRIX_50_REAL,artifacts/phases/P30_MANAGEMENT_MATRIX_50_REAL/workload_windows.json,copy_workload_window_metrics
50.management.meet_nodes,50,management,meet_nodes,baseline,14.532459,0.0,75.576344,4,P30_MANAGEMENT_MATRIX_50_REAL,artifacts/phases/P30_MANAGEMENT_MATRIX_50_REAL/workload_windows.json,copy_workload_window_metrics
50.management.meet_nodes,50,management,meet_nodes,event,5.090708,0.0,70.573881,4,P30_MANAGEMENT_MATRIX_50_REAL,artifacts/phases/P30_MANAGEMENT_MATRIX_50_REAL/workload_windows.json,copy_workload_window_metrics
50.management.meet_nodes,50,management,meet_nodes,post_recovery,14.25901,0.0,83.40129,4,P30_MANAGEMENT_MATRIX_50_REAL,artifacts/phases/P30_MANAGEMENT_MATRIX_50_REAL/workload_windows.json,copy_workload_window_metrics
50.management.meet_nodes,50,management,meet_nodes,pre_event,15.153022,0.0,67.791614,4,P30_MANAGEMENT_MATRIX_50_REAL,artifacts/phases/P30_MANAGEMENT_MATRIX_50_REAL/workload_windows.json,copy_workload_window_metrics
50.management.meet_nodes,50,management,meet_nodes,recovery,16.548531,0.0,63.513931,4,P30_MANAGEMENT_MATRIX_50_REAL,artifacts/phases/P30_MANAGEMENT_MATRIX_50_REAL/workload_windows.json,copy_workload_window_metrics
50.management.rebalance_after_imbalance,50,management,rebalance_after_imbalance,all_run,3.677371,0.0,76.100246,20,P30_MANAGEMENT_MATRIX_50_REAL,artifacts/phases/P30_MANAGEMENT_MATRIX_50_REAL/workload_windows.json,copy_workload_window_metrics
50.management.rebalance_after_imbalance,50,management,rebalance_after_imbalance,baseline,14.821036,0.0,72.040294,4,P30_MANAGEMENT_MATRIX_50_REAL,artifacts/phases/P30_MANAGEMENT_MATRIX_50_REAL/workload_windows.json,copy_workload_window_metrics
50.management.rebalance_after_imbalance,50,management,rebalance_after_imbalance,event,0.920423,0.0,73.628447,4,P30_MANAGEMENT_MATRIX_50_REAL,artifacts/phases/P30_MANAGEMENT_MATRIX_50_REAL/workload_windows.json,copy_workload_window_metrics
50.management.rebalance_after_imbalance,50,management,rebalance_after_imbalance,post_recovery,13.718423,0.0,76.952846,4,P30_MANAGEMENT_MATRIX_50_REAL,artifacts/phases/P30_MANAGEMENT_MATRIX_50_REAL/workload_windows.json,copy_workload_window_metrics
50.management.rebalance_after_imbalance,50,management,rebalance_after_imbalance,pre_event,15.002257,0.0,72.675333,4,P30_MANAGEMENT_MATRIX_50_REAL,artifacts/phases/P30_MANAGEMENT_MATRIX_50_REAL/workload_windows.json,copy_workload_window_metrics
50.management.rebalance_after_imbalance,50,management,rebalance_after_imbalance,recovery,15.174042,0.0,68.475661,4,P30_MANAGEMENT_MATRIX_50_REAL,artifacts/phases/P30_MANAGEMENT_MATRIX_50_REAL/workload_windows.json,copy_workload_window_metrics
50.management.remove_failed_node,50,management,remove_failed_node,all_run,0.496043,0.0,82.610582,20,P30_MANAGEMENT_MATRIX_50_REAL,artifacts/phases/P30_MANAGEMENT_MATRIX_50_REAL/workload_windows.json,copy_workload_window_metrics
50.management.remove_failed_node,50,management,remove_failed_node,baseline,14.826603,0.0,73.319856,4,P30_MANAGEMENT_MATRIX_50_REAL,artifacts/phases/P30_MANAGEMENT_MATRIX_50_REAL/workload_windows.json,copy_workload_window_metrics
50.management.remove_failed_node,50,management,remove_failed_node,event,0.10204,0.0,82.431848,4,P30_MANAGEMENT_MATRIX_50_REAL,artifacts/phases/P30_MANAGEMENT_MATRIX_50_REAL/workload_windows.json,copy_workload_window_metrics
50.management.remove_failed_node,50,management,remove_failed_node,post_recovery,14.054853,0.0,78.110091,4,P30_MANAGEMENT_MATRIX_50_REAL,artifacts/phases/P30_MANAGEMENT_MATRIX_50_REAL/workload_windows.json,copy_workload_window_metrics
50.management.remove_failed_node,50,management,remove_failed_node,pre_event,13.571145,0.0,83.903458,4,P30_MANAGEMENT_MATRIX_50_REAL,artifacts/phases/P30_MANAGEMENT_MATRIX_50_REAL/workload_windows.json,copy_workload_window_metrics
50.management.remove_failed_node,50,management,remove_failed_node,recovery,14.908826,0.0,77.091316,4,P30_MANAGEMENT_MATRIX_50_REAL,artifacts/phases/P30_MANAGEMENT_MATRIX_50_REAL/workload_windows.json,copy_workload_window_metrics
50.management.remove_primary_drained_or_safe_replaced,50,management,remove_primary_drained_or_safe_replaced,all_run,0.523265,0.0,71.664225,20,P30_MANAGEMENT_MATRIX_50_REAL,artifacts/phases/P30_MANAGEMENT_MATRIX_50_REAL/workload_windows.json,copy_workload_window_metrics
50.management.remove_primary_drained_or_safe_replaced,50,management,remove_primary_drained_or_safe_replaced,baseline,15.420371,0.0,69.831734,4,P30_MANAGEMENT_MATRIX_50_REAL,artifacts/phases/P30_MANAGEMENT_MATRIX_50_REAL/workload_windows.json,copy_workload_window_metrics
50.management.remove_primary_drained_or_safe_replaced,50,management,remove_primary_drained_or_safe_replaced,event,0.10759,0.0,71.511088,4,P30_MANAGEMENT_MATRIX_50_REAL,artifacts/phases/P30_MANAGEMENT_MATRIX_50_REAL/workload_windows.json,copy_workload_window_metrics
50.management.remove_primary_drained_or_safe_replaced,50,management,remove_primary_drained_or_safe_replaced,post_recovery,14.794299,0.0,72.578044,4,P30_MANAGEMENT_MATRIX_50_REAL,artifacts/phases/P30_MANAGEMENT_MATRIX_50_REAL/workload_windows.json,copy_workload_window_metrics
50.management.remove_primary_drained_or_safe_replaced,50,management,remove_primary_drained_or_safe_replaced,pre_event,15.720276,0.0,67.372186,4,P30_MANAGEMENT_MATRIX_50_REAL,artifacts/phases/P30_MANAGEMENT_MATRIX_50_REAL/workload_windows.json,copy_workload_window_metrics
50.management.remove_primary_drained_or_safe_replaced,50,management,remove_primary_drained_or_safe_replaced,recovery,15.494047,0.0,70.023127,4,P30_MANAGEMENT_MATRIX_50_REAL,artifacts/phases/P30_MANAGEMENT_MATRIX_50_REAL/workload_windows.json,copy_workload_window_metrics
50.management.remove_replica,50,management,remove_replica,all_run,0.376982,0.0,73.731829,20,P30_MANAGEMENT_MATRIX_50_REAL,artifacts/phases/P30_MANAGEMENT_MATRIX_50_REAL/workload_windows.json,copy_workload_window_metrics
50.management.remove_replica,50,management,remove_replica,baseline,14.722587,0.0,70.817336,4,P30_MANAGEMENT_MATRIX_50_REAL,artifacts/phases/P30_MANAGEMENT_MATRIX_50_REAL/workload_windows.json,copy_workload_window_metrics
50.management.remove_replica,50,management,remove_replica,event,0.076913,0.0,73.148116,4,P30_MANAGEMENT_MATRIX_50_REAL,artifacts/phases/P30_MANAGEMENT_MATRIX_50_REAL/workload_windows.json,copy_workload_window_metrics
50.management.remove_replica,50,management,remove_replica,post_recovery,15.880904,0.0,68.515086,4,P30_MANAGEMENT_MATRIX_50_REAL,artifacts/phases/P30_MANAGEMENT_MATRIX_50_REAL/workload_windows.json,copy_workload_window_metrics
50.management.remove_replica,50,management,remove_replica,pre_event,16.065937,0.0,70.770517,4,P30_MANAGEMENT_MATRIX_50_REAL,artifacts/phases/P30_MANAGEMENT_MATRIX_50_REAL/workload_windows.json,copy_workload_window_metrics
50.management.remove_replica,50,management,remove_replica,recovery,14.703351,0.0,78.942386,4,P30_MANAGEMENT_MATRIX_50_REAL,artifacts/phases/P30_MANAGEMENT_MATRIX_50_REAL/workload_windows.json,copy_workload_window_metrics
50.management.reshard_slot_range,50,management,reshard_slot_range,all_run,7.376067,0.0,80.204531,20,P30_MANAGEMENT_MATRIX_50_REAL,artifacts/phases/P30_MANAGEMENT_MATRIX_50_REAL/workload_windows.json,copy_workload_window_metrics
50.management.reshard_slot_range,50,management,reshard_slot_range,baseline,16.027961,0.0,69.602775,4,P30_MANAGEMENT_MATRIX_50_REAL,artifacts/phases/P30_MANAGEMENT_MATRIX_50_REAL/workload_windows.json,copy_workload_window_metrics
50.management.reshard_slot_range,50,management,reshard_slot_range,event,2.397512,0.0,78.55835,4,P30_MANAGEMENT_MATRIX_50_REAL,artifacts/phases/P30_MANAGEMENT_MATRIX_50_REAL/workload_windows.json,copy_workload_window_metrics
50.management.reshard_slot_range,50,management,reshard_slot_range,post_recovery,13.711551,0.0,80.690306,4,P30_MANAGEMENT_MATRIX_50_REAL,artifacts/phases/P30_MANAGEMENT_MATRIX_50_REAL/workload_windows.json,copy_workload_window_metrics
50.management.reshard_slot_range,50,management,reshard_slot_range,pre_event,15.782948,0.0,69.891329,4,P30_MANAGEMENT_MATRIX_50_REAL,artifacts/phases/P30_MANAGEMENT_MATRIX_50_REAL/workload_windows.json,copy_workload_window_metrics
50.management.reshard_slot_range,50,management,reshard_slot_range,recovery,16.174954,0.0,64.302846,4,P30_MANAGEMENT_MATRIX_50_REAL,artifacts/phases/P30_MANAGEMENT_MATRIX_50_REAL/workload_windows.json,copy_workload_window_metrics
50.management.reshard_with_keys,50,management,reshard_with_keys,all_run,5.986176,0.0,74.105101,20,P30_MANAGEMENT_MATRIX_50_REAL,artifacts/phases/P30_MANAGEMENT_MATRIX_50_REAL/workload_windows.json,copy_workload_window_metrics
50.management.reshard_with_keys,50,management,reshard_with_keys,baseline,15.312453,0.0,68.377317,4,P30_MANAGEMENT_MATRIX_50_REAL,artifacts/phases/P30_MANAGEMENT_MATRIX_50_REAL/workload_windows.json,copy_workload_window_metrics
50.management.reshard_with_keys,50,management,reshard_with_keys,event,1.753975,0.0,65.771423,4,P30_MANAGEMENT_MATRIX_50_REAL,artifacts/phases/P30_MANAGEMENT_MATRIX_50_REAL/workload_windows.json,copy_workload_window_metrics
50.management.reshard_with_keys,50,management,reshard_with_keys,post_recovery,14.843186,0.0,73.656046,4,P30_MANAGEMENT_MATRIX_50_REAL,artifacts/phases/P30_MANAGEMENT_MATRIX_50_REAL/workload_windows.json,copy_workload_window_metrics
50.management.reshard_with_keys,50,management,reshard_with_keys,pre_event,16.294587,0.0,61.906704,4,P30_MANAGEMENT_MATRIX_50_REAL,artifacts/phases/P30_MANAGEMENT_MATRIX_50_REAL/workload_windows.json,copy_workload_window_metrics
50.management.reshard_with_keys,50,management,reshard_with_keys,recovery,14.125192,0.0,78.694204,4,P30_MANAGEMENT_MATRIX_50_REAL,artifacts/phases/P30_MANAGEMENT_MATRIX_50_REAL/workload_windows.json,copy_workload_window_metrics
50.management.rolling_restart_primary_safe,50,management,rolling_restart_primary_safe,all_run,0.377294,0.0,74.138075,20,P30_MANAGEMENT_MATRIX_50_REAL,artifacts/phases/P30_MANAGEMENT_MATRIX_50_REAL/workload_windows.json,copy_workload_window_metrics
50.management.rolling_restart_primary_safe,50,management,rolling_restart_primary_safe,baseline,15.394464,0.0,73.094321,4,P30_MANAGEMENT_MATRIX_50_REAL,artifacts/phases/P30_MANAGEMENT_MATRIX_50_REAL/workload_windows.json,copy_workload_window_metrics
50.management.rolling_restart_primary_safe,50,management,rolling_restart_primary_safe,event,0.076921,0.0,71.9788,4,P30_MANAGEMENT_MATRIX_50_REAL,artifacts/phases/P30_MANAGEMENT_MATRIX_50_REAL/workload_windows.json,copy_workload_window_metrics
50.management.rolling_restart_primary_safe,50,management,rolling_restart_primary_safe,post_recovery,15.429006,0.0,74.115042,4,P30_MANAGEMENT_MATRIX_50_REAL,artifacts/phases/P30_MANAGEMENT_MATRIX_50_REAL/workload_windows.json,copy_workload_window_metrics
50.management.rolling_restart_primary_safe,50,management,rolling_restart_primary_safe,pre_event,17.374286,0.0,59.484488,4,P30_MANAGEMENT_MATRIX_50_REAL,artifacts/phases/P30_MANAGEMENT_MATRIX_50_REAL/workload_windows.json,copy_workload_window_metrics
50.management.rolling_restart_primary_safe,50,management,rolling_restart_primary_safe,recovery,15.522156,0.0,68.605414,4,P30_MANAGEMENT_MATRIX_50_REAL,artifacts/phases/P30_MANAGEMENT_MATRIX_50_REAL/workload_windows.json,copy_workload_window_metrics
50.management.rolling_restart_replica_first,50,management,rolling_restart_replica_first,all_run,0.211136,0.0,82.537054,20,P30_MANAGEMENT_MATRIX_50_REAL,artifacts/phases/P30_MANAGEMENT_MATRIX_50_REAL/workload_windows.json,copy_workload_window_metrics
50.management.rolling_restart_replica_first,50,management,rolling_restart_replica_first,baseline,14.260063,0.0,78.163909,4,P30_MANAGEMENT_MATRIX_50_REAL,artifacts/phases/P30_MANAGEMENT_MATRIX_50_REAL/workload_windows.json,copy_workload_window_metrics
50.management.rolling_restart_replica_first,50,management,rolling_restart_replica_first,event,0.042738,0.0,70.611477,4,P30_MANAGEMENT_MATRIX_50_REAL,artifacts/phases/P30_MANAGEMENT_MATRIX_50_REAL/workload_windows.json,copy_workload_window_metrics
50.management.rolling_restart_replica_first,50,management,rolling_restart_replica_first,post_recovery,15.318505,0.0,70.535391,4,P30_MANAGEMENT_MATRIX_50_REAL,artifacts/phases/P30_MANAGEMENT_MATRIX_50_REAL/workload_windows.json,copy_workload_window_metrics
50.management.rolling_restart_replica_first,50,management,rolling_restart_replica_first,pre_event,13.886803,0.0,84.111375,4,P30_MANAGEMENT_MATRIX_50_REAL,artifacts/phases/P30_MANAGEMENT_MATRIX_50_REAL/workload_windows.json,copy_workload_window_metrics
50.management.rolling_restart_replica_first,50,management,rolling_restart_replica_first,recovery,13.269362,0.0,81.864139,4,P30_MANAGEMENT_MATRIX_50_REAL,artifacts/phases/P30_MANAGEMENT_MATRIX_50_REAL/workload_windows.json,copy_workload_window_metrics
100.fault.az_stop,100,fault,az_stop,event,533.333,0.0,2.809,8,P34_FAULT_FAILOVER_MATRIX_100_REAL,artifacts/phases/P34_FAULT_FAILOVER_MATRIX_100_REAL/workload_windows.json,copy_workload_window_metrics
100.fault.fault_period_workload_impact,100,fault,fault_period_workload_impact,event,347.826,0.0,7.809,8,P34_FAULT_FAILOVER_MATRIX_100_REAL,artifacts/phases/P34_FAULT_FAILOVER_MATRIX_100_REAL/workload_windows.json,copy_workload_window_metrics
100.fault.majority_partition,100,fault,majority_partition,event,0.0,1.0,0.0,12,P34_FAULT_FAILOVER_MATRIX_100_REAL,artifacts/phases/P34_FAULT_FAILOVER_MATRIX_100_REAL/workload_windows.json,copy_workload_window_metrics
100.fault.minority_partition,100,fault,minority_partition,event,0.0,1.0,0.0,12,P34_FAULT_FAILOVER_MATRIX_100_REAL,artifacts/phases/P34_FAULT_FAILOVER_MATRIX_100_REAL/workload_windows.json,copy_workload_window_metrics
100.fault.network_delay,100,fault,network_delay,event,6.227,0.0,164.014,12,P34_FAULT_FAILOVER_MATRIX_100_REAL,artifacts/phases/P34_FAULT_FAILOVER_MATRIX_100_REAL/workload_windows.json,copy_workload_window_metrics
100.fault.network_flap,100,fault,network_flap,event,380.952,0.333333,4.592,12,P34_FAULT_FAILOVER_MATRIX_100_REAL,artifacts/phases/P34_FAULT_FAILOVER_MATRIX_100_REAL/workload_windows.json,copy_workload_window_metrics
100.fault.network_loss,100,fault,network_loss,event,272.727,0.5,5.454,12,P34_FAULT_FAILOVER_MATRIX_100_REAL,artifacts/phases/P34_FAULT_FAILOVER_MATRIX_100_REAL/workload_windows.json,copy_workload_window_metrics
100.fault.network_partition,100,fault,network_partition,event,0.0,1.0,0.0,12,P34_FAULT_FAILOVER_MATRIX_100_REAL,artifacts/phases/P34_FAULT_FAILOVER_MATRIX_100_REAL/workload_windows.json,copy_workload_window_metrics
100.fault.node_host_stop,100,fault,node_host_stop,event,533.333,0.0,2.199,8,P34_FAULT_FAILOVER_MATRIX_100_REAL,artifacts/phases/P34_FAULT_FAILOVER_MATRIX_100_REAL/workload_windows.json,copy_workload_window_metrics
100.fault.primary_stop_failover,100,fault,primary_stop_failover,event,500.0,0.0,2.479,8,P34_FAULT_FAILOVER_MATRIX_100_REAL,artifacts/phases/P34_FAULT_FAILOVER_MATRIX_100_REAL/workload_windows.json,copy_workload_window_metrics
100.fault.primary_stop_failover,100,fault,primary_stop_failover,event,571.429,0.0,2.421,8,P34_FAULT_FAILOVER_MATRIX_100_REAL,artifacts/phases/P34_FAULT_FAILOVER_MATRIX_100_REAL/workload_windows.json,copy_workload_window_metrics
100.fault.primary_stop_failover,100,fault,primary_stop_failover,event,11.091,0.25,2.278,8,P34_FAULT_FAILOVER_MATRIX_100_REAL,artifacts/phases/P34_FAULT_FAILOVER_MATRIX_100_REAL/workload_windows.json,copy_workload_window_metrics
100.fault.replica_stop,100,fault,replica_stop,event,533.333,0.0,2.396,8,P34_FAULT_FAILOVER_MATRIX_100_REAL,artifacts/phases/P34_FAULT_FAILOVER_MATRIX_100_REAL/workload_windows.json,copy_workload_window_metrics
100.fault.split_brain_window_detection,100,fault,split_brain_window_detection,event,380.952,0.0,3.167,8,P34_FAULT_FAILOVER_MATRIX_100_REAL,artifacts/phases/P34_FAULT_FAILOVER_MATRIX_100_REAL/workload_windows.json,copy_workload_window_metrics
100.lifecycle.baseline_workload,100,lifecycle,baseline_workload,baseline,14.114236,0.0,76.908521,6,P36_FULL_FLOW_E2E_50_100_200_REAL,artifacts/phases/P36_FULL_FLOW_E2E_50_100_200_REAL/workload_windows.json,copy_workload_window_metrics
100.lifecycle.telemetry_collect,100,lifecycle,telemetry_collect,all_run,4.940348,0.0,75.723023,20,P36_FULL_FLOW_E2E_50_100_200_REAL,artifacts/phases/P36_FULL_FLOW_E2E_50_100_200_REAL/workload_windows.json,copy_workload_window_metrics
100.lifecycle.telemetry_collect,100,lifecycle,telemetry_collect,all_run,11.692414,0.0,85.754914,20,P36_FULL_FLOW_E2E_50_100_200_REAL,artifacts/phases/P36_FULL_FLOW_E2E_50_100_200_REAL/workload_windows.json,copy_workload_window_metrics
100.lifecycle.telemetry_collect,100,lifecycle,telemetry_collect,baseline,15.088314,0.0,69.662135,4,P36_FULL_FLOW_E2E_50_100_200_REAL,artifacts/phases/P36_FULL_FLOW_E2E_50_100_200_REAL/workload_windows.json,copy_workload_window_metrics
100.lifecycle.telemetry_collect,100,lifecycle,telemetry_collect,baseline,13.706193,0.0,76.336658,4,P36_FULL_FLOW_E2E_50_100_200_REAL,artifacts/phases/P36_FULL_FLOW_E2E_50_100_200_REAL/workload_windows.json,copy_workload_window_metrics
100.lifecycle.telemetry_collect,100,lifecycle,telemetry_collect,event,1.360373,0.0,70.746366,4,P36_FULL_FLOW_E2E_50_100_200_REAL,artifacts/phases/P36_FULL_FLOW_E2E_50_100_200_REAL/workload_windows.json,copy_workload_window_metrics
100.lifecycle.telemetry_collect,100,lifecycle,telemetry_collect,event,7.7437,0.0,62.684031,4,P36_FULL_FLOW_E2E_50_100_200_REAL,artifacts/phases/P36_FULL_FLOW_E2E_50_100_200_REAL/workload_windows.json,copy_workload_window_metrics
100.lifecycle.telemetry_collect,100,lifecycle,telemetry_collect,post_recovery,14.615447,0.0,74.817481,4,P36_FULL_FLOW_E2E_50_100_200_REAL,artifacts/phases/P36_FULL_FLOW_E2E_50_100_200_REAL/workload_windows.json,copy_workload_window_metrics
100.lifecycle.telemetry_collect,100,lifecycle,telemetry_collect,post_recovery,11.905865,0.0,90.326695,4,P36_FULL_FLOW_E2E_50_100_200_REAL,artifacts/phases/P36_FULL_FLOW_E2E_50_100_200_REAL/workload_windows.json,copy_workload_window_metrics
100.lifecycle.telemetry_collect,100,lifecycle,telemetry_collect,pre_event,14.430435,0.0,70.975975,4,P36_FULL_FLOW_E2E_50_100_200_REAL,artifacts/phases/P36_FULL_FLOW_E2E_50_100_200_REAL/workload_windows.json,copy_workload_window_metrics
100.lifecycle.telemetry_collect,100,lifecycle,telemetry_collect,pre_event,13.176095,0.0,84.227189,4,P36_FULL_FLOW_E2E_50_100_200_REAL,artifacts/phases/P36_FULL_FLOW_E2E_50_100_200_REAL/workload_windows.json,copy_workload_window_metrics
100.lifecycle.telemetry_collect,100,lifecycle,telemetry_collect,recovery,13.749874,0.0,75.723121,4,P36_FULL_FLOW_E2E_50_100_200_REAL,artifacts/phases/P36_FULL_FLOW_E2E_50_100_200_REAL/workload_windows.json,copy_workload_window_metrics
100.lifecycle.telemetry_collect,100,lifecycle,telemetry_collect,recovery,15.296221,0.0,70.898015,4,P36_FULL_FLOW_E2E_50_100_200_REAL,artifacts/phases/P36_FULL_FLOW_E2E_50_100_200_REAL/workload_windows.json,copy_workload_window_metrics
100.management.add_replica,100,management,add_replica,all_run,8.035644,0.0,86.211196,20,P31_MANAGEMENT_MATRIX_100_REAL,artifacts/phases/P31_MANAGEMENT_MATRIX_100_REAL/workload_windows.json,copy_workload_window_metrics
100.management.add_replica,100,management,add_replica,baseline,11.496163,0.0,105.502329,4,P31_MANAGEMENT_MATRIX_100_REAL,artifacts/phases/P31_MANAGEMENT_MATRIX_100_REAL/workload_windows.json,copy_workload_window_metrics
100.management.add_replica,100,management,add_replica,event,3.049137,0.0,68.707539,4,P31_MANAGEMENT_MATRIX_100_REAL,artifacts/phases/P31_MANAGEMENT_MATRIX_100_REAL/workload_windows.json,copy_workload_window_metrics
100.management.add_replica,100,management,add_replica,post_recovery,13.9093,0.0,79.587537,4,P31_MANAGEMENT_MATRIX_100_REAL,artifacts/phases/P31_MANAGEMENT_MATRIX_100_REAL/workload_windows.json,copy_workload_window_metrics
100.management.add_replica,100,management,add_replica,pre_event,14.610598,0.0,71.636381,4,P31_MANAGEMENT_MATRIX_100_REAL,artifacts/phases/P31_MANAGEMENT_MATRIX_100_REAL/workload_windows.json,copy_workload_window_metrics
100.management.add_replica,100,management,add_replica,recovery,15.000312,0.0,73.941923,4,P31_MANAGEMENT_MATRIX_100_REAL,artifacts/phases/P31_MANAGEMENT_MATRIX_100_REAL/workload_windows.json,copy_workload_window_metrics
100.management.create_cluster,100,management,create_cluster,all_run,8.255165,0.0,77.855275,20,P31_MANAGEMENT_MATRIX_100_REAL,artifacts/phases/P31_MANAGEMENT_MATRIX_100_REAL/workload_windows.json,copy_workload_window_metrics
100.management.create_cluster,100,management,create_cluster,baseline,14.676206,0.0,70.334208,4,P31_MANAGEMENT_MATRIX_100_REAL,artifacts/phases/P31_MANAGEMENT_MATRIX_100_REAL/workload_windows.json,copy_workload_window_metrics
100.management.create_cluster,100,management,create_cluster,event,2.992848,0.0,76.549144,4,P31_MANAGEMENT_MATRIX_100_REAL,artifacts/phases/P31_MANAGEMENT_MATRIX_100_REAL/workload_windows.json,copy_workload_window_metrics
100.management.create_cluster,100,management,create_cluster,post_recovery,14.79029,0.0,70.508002,4,P31_MANAGEMENT_MATRIX_100_REAL,artifacts/phases/P31_MANAGEMENT_MATRIX_100_REAL/workload_windows.json,copy_workload_window_metrics
100.management.create_cluster,100,management,create_cluster,pre_event,14.765721,0.0,70.744702,4,P31_MANAGEMENT_MATRIX_100_REAL,artifacts/phases/P31_MANAGEMENT_MATRIX_100_REAL/workload_windows.json,copy_workload_window_metrics
100.management.create_cluster,100,management,create_cluster,recovery,14.743274,0.0,76.128675,4,P31_MANAGEMENT_MATRIX_100_REAL,artifacts/phases/P31_MANAGEMENT_MATRIX_100_REAL/workload_windows.json,copy_workload_window_metrics
100.management.meet_nodes,100,management,meet_nodes,all_run,8.526502,0.0,80.696509,20,P31_MANAGEMENT_MATRIX_100_REAL,artifacts/phases/P31_MANAGEMENT_MATRIX_100_REAL/workload_windows.json,copy_workload_window_metrics
100.management.meet_nodes,100,management,meet_nodes,baseline,15.744751,0.0,82.743927,4,P31_MANAGEMENT_MATRIX_100_REAL,artifacts/phases/P31_MANAGEMENT_MATRIX_100_REAL/workload_windows.json,copy_workload_window_metrics
100.management.meet_nodes,100,management,meet_nodes,event,3.05475,0.0,71.707896,4,P31_MANAGEMENT_MATRIX_100_REAL,artifacts/phases/P31_MANAGEMENT_MATRIX_100_REAL/workload_windows.json,copy_workload_window_metrics
100.management.meet_nodes,100,management,meet_nodes,post_recovery,16.004799,0.0,68.087488,4,P31_MANAGEMENT_MATRIX_100_REAL,artifacts/phases/P31_MANAGEMENT_MATRIX_100_REAL/workload_windows.json,copy_workload_window_metrics
100.management.meet_nodes,100,management,meet_nodes,pre_event,16.101993,0.0,66.842408,4,P31_MANAGEMENT_MATRIX_100_REAL,artifacts/phases/P31_MANAGEMENT_MATRIX_100_REAL/workload_windows.json,copy_workload_window_metrics
100.management.meet_nodes,100,management,meet_nodes,recovery,14.148616,0.0,79.378659,4,P31_MANAGEMENT_MATRIX_100_REAL,artifacts/phases/P31_MANAGEMENT_MATRIX_100_REAL/workload_windows.json,copy_workload_window_metrics
100.management.rebalance_after_imbalance,100,management,rebalance_after_imbalance,all_run,0.696077,0.0,76.802875,20,P31_MANAGEMENT_MATRIX_100_REAL,artifacts/phases/P31_MANAGEMENT_MATRIX_100_REAL/workload_windows.json,copy_workload_window_metrics
100.management.rebalance_after_imbalance,100,management,rebalance_after_imbalance,baseline,15.901351,0.0,72.319329,4,P31_MANAGEMENT_MATRIX_100_REAL,artifacts/phases/P31_MANAGEMENT_MATRIX_100_REAL/workload_windows.json,copy_workload_window_metrics
100.management.rebalance_after_imbalance,100,management,rebalance_after_imbalance,event,0.144593,0.0,77.756411,4,P31_MANAGEMENT_MATRIX_100_REAL,artifacts/phases/P31_MANAGEMENT_MATRIX_100_REAL/workload_windows.json,copy_workload_window_metrics
100.management.rebalance_after_imbalance,100,management,rebalance_after_imbalance,post_recovery,15.163311,0.0,72.635446,4,P31_MANAGEMENT_MATRIX_100_REAL,artifacts/phases/P31_MANAGEMENT_MATRIX_100_REAL/workload_windows.json,copy_workload_window_metrics
100.management.rebalance_after_imbalance,100,management,rebalance_after_imbalance,pre_event,14.708347,0.0,76.107775,4,P31_MANAGEMENT_MATRIX_100_REAL,artifacts/phases/P31_MANAGEMENT_MATRIX_100_REAL/workload_windows.json,copy_workload_window_metrics
100.management.rebalance_after_imbalance,100,management,rebalance_after_imbalance,recovery,14.28245,0.0,76.196827,4,P31_MANAGEMENT_MATRIX_100_REAL,artifacts/phases/P31_MANAGEMENT_MATRIX_100_REAL/workload_windows.json,copy_workload_window_metrics
100.management.remove_failed_node,100,management,remove_failed_node,all_run,0.438637,0.0,76.380637,20,P31_MANAGEMENT_MATRIX_100_REAL,artifacts/phases/P31_MANAGEMENT_MATRIX_100_REAL/workload_windows.json,copy_workload_window_metrics
100.management.remove_failed_node,100,management,remove_failed_node,baseline,14.120957,0.0,75.687352,4,P31_MANAGEMENT_MATRIX_100_REAL,artifacts/phases/P31_MANAGEMENT_MATRIX_100_REAL/workload_windows.json,copy_workload_window_metrics
100.management.remove_failed_node,100,management,remove_failed_node,event,0.089898,0.0,70.223198,4,P31_MANAGEMENT_MATRIX_100_REAL,artifacts/phases/P31_MANAGEMENT_MATRIX_100_REAL/workload_windows.json,copy_workload_window_metrics
100.management.remove_failed_node,100,management,remove_failed_node,post_recovery,14.406058,0.0,75.855517,4,P31_MANAGEMENT_MATRIX_100_REAL,artifacts/phases/P31_MANAGEMENT_MATRIX_100_REAL/workload_windows.json,copy_workload_window_metrics
100.management.remove_failed_node,100,management,remove_failed_node,pre_event,15.496673,0.0,72.307033,4,P31_MANAGEMENT_MATRIX_100_REAL,artifacts/phases/P31_MANAGEMENT_MATRIX_100_REAL/workload_windows.json,copy_workload_window_metrics
100.management.remove_failed_node,100,management,remove_failed_node,recovery,14.261667,0.0,74.288364,4,P31_MANAGEMENT_MATRIX_100_REAL,artifacts/phases/P31_MANAGEMENT_MATRIX_100_REAL/workload_windows.json,copy_workload_window_metrics
100.management.remove_primary_drained_or_safe_replaced,100,management,remove_primary_drained_or_safe_replaced,all_run,0.333265,0.0,82.3464,20,P31_MANAGEMENT_MATRIX_100_REAL,artifacts/phases/P31_MANAGEMENT_MATRIX_100_REAL/workload_windows.json,copy_workload_window_metrics
100.management.remove_primary_drained_or_safe_replaced,100,management,remove_primary_drained_or_safe_replaced,baseline,15.163953,0.0,83.23585,4,P31_MANAGEMENT_MATRIX_100_REAL,artifacts/phases/P31_MANAGEMENT_MATRIX_100_REAL/workload_windows.json,copy_workload_window_metrics
100.management.remove_primary_drained_or_safe_replaced,100,management,remove_primary_drained_or_safe_replaced,event,0.067863,0.0,81.970256,4,P31_MANAGEMENT_MATRIX_100_REAL,artifacts/phases/P31_MANAGEMENT_MATRIX_100_REAL/workload_windows.json,copy_workload_window_metrics
100.management.remove_primary_drained_or_safe_replaced,100,management,remove_primary_drained_or_safe_replaced,post_recovery,15.365308,0.0,68.741511,4,P31_MANAGEMENT_MATRIX_100_REAL,artifacts/phases/P31_MANAGEMENT_MATRIX_100_REAL/workload_windows.json,copy_workload_window_metrics
100.management.remove_primary_drained_or_safe_replaced,100,management,remove_primary_drained_or_safe_replaced,pre_event,15.264282,0.0,66.728456,4,P31_MANAGEMENT_MATRIX_100_REAL,artifacts/phases/P31_MANAGEMENT_MATRIX_100_REAL/workload_windows.json,copy_workload_window_metrics
100.management.remove_primary_drained_or_safe_replaced,100,management,remove_primary_drained_or_safe_replaced,recovery,14.150585,0.0,76.379804,4,P31_MANAGEMENT_MATRIX_100_REAL,artifacts/phases/P31_MANAGEMENT_MATRIX_100_REAL/workload_windows.json,copy_workload_window_metrics
100.management.remove_replica,100,management,remove_replica,all_run,0.41317,0.0,78.303767,20,P31_MANAGEMENT_MATRIX_100_REAL,artifacts/phases/P31_MANAGEMENT_MATRIX_100_REAL/workload_windows.json,copy_workload_window_metrics
100.management.remove_replica,100,management,remove_replica,baseline,13.960219,0.0,77.297569,4,P31_MANAGEMENT_MATRIX_100_REAL,artifacts/phases/P31_MANAGEMENT_MATRIX_100_REAL/workload_windows.json,copy_workload_window_metrics
100.management.remove_replica,100,management,remove_replica,event,0.084531,0.0,77.077534,4,P31_MANAGEMENT_MATRIX_100_REAL,artifacts/phases/P31_MANAGEMENT_MATRIX_100_REAL/workload_windows.json,copy_workload_window_metrics
100.management.remove_replica,100,management,remove_replica,post_recovery,14.84111,0.0,68.477002,4,P31_MANAGEMENT_MATRIX_100_REAL,artifacts/phases/P31_MANAGEMENT_MATRIX_100_REAL/workload_windows.json,copy_workload_window_metrics
100.management.remove_replica,100,management,remove_replica,pre_event,15.629472,0.0,69.628648,4,P31_MANAGEMENT_MATRIX_100_REAL,artifacts/phases/P31_MANAGEMENT_MATRIX_100_REAL/workload_windows.json,copy_workload_window_metrics
100.management.remove_replica,100,management,remove_replica,recovery,14.674371,0.0,73.160042,4,P31_MANAGEMENT_MATRIX_100_REAL,artifacts/phases/P31_MANAGEMENT_MATRIX_100_REAL/workload_windows.json,copy_workload_window_metrics
100.management.reshard_slot_range,100,management,reshard_slot_range,all_run,5.034087,0.0,76.517757,20,P31_MANAGEMENT_MATRIX_100_REAL,artifacts/phases/P31_MANAGEMENT_MATRIX_100_REAL/workload_windows.json,copy_workload_window_metrics
100.management.reshard_slot_range,100,management,reshard_slot_range,baseline,15.233003,0.0,73.653178,4,P31_MANAGEMENT_MATRIX_100_REAL,artifacts/phases/P31_MANAGEMENT_MATRIX_100_REAL/workload_windows.json,copy_workload_window_metrics
100.management.reshard_slot_range,100,management,reshard_slot_range,event,1.386841,0.0,77.833546,4,P31_MANAGEMENT_MATRIX_100_REAL,artifacts/phases/P31_MANAGEMENT_MATRIX_100_REAL/workload_windows.json,copy_workload_window_metrics
100.management.reshard_slot_range,100,management,reshard_slot_range,post_recovery,14.579606,0.0,75.582075,4,P31_MANAGEMENT_MATRIX_100_REAL,artifacts/phases/P31_MANAGEMENT_MATRIX_100_REAL/workload_windows.json,copy_workload_window_metrics
100.management.reshard_slot_range,100,management,reshard_slot_range,pre_event,14.91539,0.0,74.817461,4,P31_MANAGEMENT_MATRIX_100_REAL,artifacts/phases/P31_MANAGEMENT_MATRIX_100_REAL/workload_windows.json,copy_workload_window_metrics
100.management.reshard_slot_range,100,management,reshard_slot_range,recovery,14.167069,0.0,74.267239,4,P31_MANAGEMENT_MATRIX_100_REAL,artifacts/phases/P31_MANAGEMENT_MATRIX_100_REAL/workload_windows.json,copy_workload_window_metrics
100.management.reshard_with_keys,100,management,reshard_with_keys,all_run,4.43576,0.0,76.208523,20,P31_MANAGEMENT_MATRIX_100_REAL,artifacts/phases/P31_MANAGEMENT_MATRIX_100_REAL/workload_windows.json,copy_workload_window_metrics
100.management.reshard_with_keys,100,management,reshard_with_keys,baseline,15.173607,0.0,71.166069,4,P31_MANAGEMENT_MATRIX_100_REAL,artifacts/phases/P31_MANAGEMENT_MATRIX_100_REAL/workload_windows.json,copy_workload_window_metrics
100.management.reshard_with_keys,100,management,reshard_with_keys,event,1.159584,0.0,77.452223,4,P31_MANAGEMENT_MATRIX_100_REAL,artifacts/phases/P31_MANAGEMENT_MATRIX_100_REAL/workload_windows.json,copy_workload_window_metrics
100.management.reshard_with_keys,100,management,reshard_with_keys,post_recovery,15.027086,0.0,69.048128,4,P31_MANAGEMENT_MATRIX_100_REAL,artifacts/phases/P31_MANAGEMENT_MATRIX_100_REAL/workload_windows.json,copy_workload_window_metrics
100.management.reshard_with_keys,100,management,reshard_with_keys,pre_event,14.853179,0.0,72.271214,4,P31_MANAGEMENT_MATRIX_100_REAL,artifacts/phases/P31_MANAGEMENT_MATRIX_100_REAL/workload_windows.json,copy_workload_window_metrics
100.management.reshard_with_keys,100,management,reshard_with_keys,recovery,15.436786,0.0,68.049825,4,P31_MANAGEMENT_MATRIX_100_REAL,artifacts/phases/P31_MANAGEMENT_MATRIX_100_REAL/workload_windows.json,copy_workload_window_metrics
100.management.rolling_restart_primary_safe,100,management,rolling_restart_primary_safe,all_run,0.091452,0.0,74.373302,20,P31_MANAGEMENT_MATRIX_100_REAL,artifacts/phases/P31_MANAGEMENT_MATRIX_100_REAL/workload_windows.json,copy_workload_window_metrics
100.management.rolling_restart_primary_safe,100,management,rolling_restart_primary_safe,baseline,14.066723,0.0,74.539604,4,P31_MANAGEMENT_MATRIX_100_REAL,artifacts/phases/P31_MANAGEMENT_MATRIX_100_REAL/workload_windows.json,copy_workload_window_metrics
100.management.rolling_restart_primary_safe,100,management,rolling_restart_primary_safe,event,0.018378,0.0,73.407323,4,P31_MANAGEMENT_MATRIX_100_REAL,artifacts/phases/P31_MANAGEMENT_MATRIX_100_REAL/workload_windows.json,copy_workload_window_metrics
100.management.rolling_restart_primary_safe,100,management,rolling_restart_primary_safe,post_recovery,15.790635,0.0,68.348269,4,P31_MANAGEMENT_MATRIX_100_REAL,artifacts/phases/P31_MANAGEMENT_MATRIX_100_REAL/workload_windows.json,copy_workload_window_metrics
100.management.rolling_restart_primary_safe,100,management,rolling_restart_primary_safe,pre_event,15.449018,0.0,72.574712,4,P31_MANAGEMENT_MATRIX_100_REAL,artifacts/phases/P31_MANAGEMENT_MATRIX_100_REAL/workload_windows.json,copy_workload_window_metrics
100.management.rolling_restart_primary_safe,100,management,rolling_restart_primary_safe,recovery,16.276254,0.0,65.149927,4,P31_MANAGEMENT_MATRIX_100_REAL,artifacts/phases/P31_MANAGEMENT_MATRIX_100_REAL/workload_windows.json,copy_workload_window_metrics
100.management.rolling_restart_replica_first,100,management,rolling_restart_replica_first,all_run,0.086997,0.0,78.846596,20,P31_MANAGEMENT_MATRIX_100_REAL,artifacts/phases/P31_MANAGEMENT_MATRIX_100_REAL/workload_windows.json,copy_workload_window_metrics
100.management.rolling_restart_replica_first,100,management,rolling_restart_replica_first,baseline,15.414429,0.0,68.692816,4,P31_MANAGEMENT_MATRIX_100_REAL,artifacts/phases/P31_MANAGEMENT_MATRIX_100_REAL/workload_windows.json,copy_workload_window_metrics
100.management.rolling_restart_replica_first,100,management,rolling_restart_replica_first,event,0.017481,0.0,69.607037,4,P31_MANAGEMENT_MATRIX_100_REAL,artifacts/phases/P31_MANAGEMENT_MATRIX_100_REAL/workload_windows.json,copy_workload_window_metrics
100.management.rolling_restart_replica_first,100,management,rolling_restart_replica_first,post_recovery,14.668842,0.0,77.345015,4,P31_MANAGEMENT_MATRIX_100_REAL,artifacts/phases/P31_MANAGEMENT_MATRIX_100_REAL/workload_windows.json,copy_workload_window_metrics
100.management.rolling_restart_replica_first,100,management,rolling_restart_replica_first,pre_event,15.005146,0.0,73.992944,4,P31_MANAGEMENT_MATRIX_100_REAL,artifacts/phases/P31_MANAGEMENT_MATRIX_100_REAL/workload_windows.json,copy_workload_window_metrics
100.management.rolling_restart_replica_first,100,management,rolling_restart_replica_first,recovery,14.376014,0.0,78.160252,4,P31_MANAGEMENT_MATRIX_100_REAL,artifacts/phases/P31_MANAGEMENT_MATRIX_100_REAL/workload_windows.json,copy_workload_window_metrics
200.fault.az_stop,200,fault,az_stop,event,444.444,0.0,3.885,8,P35_FAULT_FAILOVER_MATRIX_200_REAL,artifacts/phases/P35_FAULT_FAILOVER_MATRIX_200_REAL/workload_windows.json,copy_workload_window_metrics
200.fault.fault_period_workload_impact,200,fault,fault_period_workload_impact,event,258.065,0.0,6.774,8,P35_FAULT_FAILOVER_MATRIX_200_REAL,artifacts/phases/P35_FAULT_FAILOVER_MATRIX_200_REAL/workload_windows.json,copy_workload_window_metrics
200.fault.majority_partition,200,fault,majority_partition,event,0.0,1.0,0.0,12,P35_FAULT_FAILOVER_MATRIX_200_REAL,artifacts/phases/P35_FAULT_FAILOVER_MATRIX_200_REAL/workload_windows.json,copy_workload_window_metrics
200.fault.minority_partition,200,fault,minority_partition,event,0.0,1.0,0.0,12,P35_FAULT_FAILOVER_MATRIX_200_REAL,artifacts/phases/P35_FAULT_FAILOVER_MATRIX_200_REAL/workload_windows.json,copy_workload_window_metrics
200.fault.network_delay,200,fault,network_delay,event,6.036,0.0,169.776,12,P35_FAULT_FAILOVER_MATRIX_200_REAL,artifacts/phases/P35_FAULT_FAILOVER_MATRIX_200_REAL/workload_windows.json,copy_workload_window_metrics
200.fault.network_flap,200,fault,network_flap,event,200.0,0.666667,7.113,12,P35_FAULT_FAILOVER_MATRIX_200_REAL,artifacts/phases/P35_FAULT_FAILOVER_MATRIX_200_REAL/workload_windows.json,copy_workload_window_metrics
200.fault.network_loss,200,fault,network_loss,event,352.941,0.5,4.317,12,P35_FAULT_FAILOVER_MATRIX_200_REAL,artifacts/phases/P35_FAULT_FAILOVER_MATRIX_200_REAL/workload_windows.json,copy_workload_window_metrics
200.fault.network_partition,200,fault,network_partition,event,0.0,1.0,0.0,12,P35_FAULT_FAILOVER_MATRIX_200_REAL,artifacts/phases/P35_FAULT_FAILOVER_MATRIX_200_REAL/workload_windows.json,copy_workload_window_metrics
200.fault.node_host_stop,200,fault,node_host_stop,event,500.0,0.0,2.562,8,P35_FAULT_FAILOVER_MATRIX_200_REAL,artifacts/phases/P35_FAULT_FAILOVER_MATRIX_200_REAL/workload_windows.json,copy_workload_window_metrics
200.fault.primary_stop_failover,200,fault,primary_stop_failover,event,0.0,1.0,0.0,8,P35_FAULT_FAILOVER_MATRIX_200_REAL,artifacts/phases/P35_FAULT_FAILOVER_MATRIX_200_REAL/workload_windows.json,copy_workload_window_metrics
200.fault.primary_stop_failover,200,fault,primary_stop_failover,event,0.0,1.0,0.0,8,P35_FAULT_FAILOVER_MATRIX_200_REAL,artifacts/phases/P35_FAULT_FAILOVER_MATRIX_200_REAL/workload_windows.json,copy_workload_window_metrics
200.fault.primary_stop_failover,200,fault,primary_stop_failover,event,13.699,0.25,3.301,8,P35_FAULT_FAILOVER_MATRIX_200_REAL,artifacts/phases/P35_FAULT_FAILOVER_MATRIX_200_REAL/workload_windows.json,copy_workload_window_metrics
200.fault.replica_stop,200,fault,replica_stop,event,470.588,0.0,4.054,8,P35_FAULT_FAILOVER_MATRIX_200_REAL,artifacts/phases/P35_FAULT_FAILOVER_MATRIX_200_REAL/workload_windows.json,copy_workload_window_metrics
200.fault.split_brain_window_detection,200,fault,split_brain_window_detection,event,285.714,0.0,4.933,8,P35_FAULT_FAILOVER_MATRIX_200_REAL,artifacts/phases/P35_FAULT_FAILOVER_MATRIX_200_REAL/workload_windows.json,copy_workload_window_metrics
200.lifecycle.baseline_workload,200,lifecycle,baseline_workload,baseline,14.723249,0.0,77.568833,6,P36_FULL_FLOW_E2E_50_100_200_REAL,artifacts/phases/P36_FULL_FLOW_E2E_50_100_200_REAL/workload_windows.json,copy_workload_window_metrics
200.lifecycle.telemetry_collect,200,lifecycle,telemetry_collect,all_run,3.017523,0.0,80.005835,20,P36_FULL_FLOW_E2E_50_100_200_REAL,artifacts/phases/P36_FULL_FLOW_E2E_50_100_200_REAL/workload_windows.json,copy_workload_window_metrics
200.lifecycle.telemetry_collect,200,lifecycle,telemetry_collect,all_run,10.708716,0.0,77.822518,20,P36_FULL_FLOW_E2E_50_100_200_REAL,artifacts/phases/P36_FULL_FLOW_E2E_50_100_200_REAL/workload_windows.json,copy_workload_window_metrics
200.lifecycle.telemetry_collect,200,lifecycle,telemetry_collect,baseline,13.961476,0.0,79.636331,4,P36_FULL_FLOW_E2E_50_100_200_REAL,artifacts/phases/P36_FULL_FLOW_E2E_50_100_200_REAL/workload_windows.json,copy_workload_window_metrics
200.lifecycle.telemetry_collect,200,lifecycle,telemetry_collect,baseline,16.09165,0.0,69.088777,4,P36_FULL_FLOW_E2E_50_100_200_REAL,artifacts/phases/P36_FULL_FLOW_E2E_50_100_200_REAL/workload_windows.json,copy_workload_window_metrics
200.lifecycle.telemetry_collect,200,lifecycle,telemetry_collect,event,0.72295,0.0,71.108537,4,P36_FULL_FLOW_E2E_50_100_200_REAL,artifacts/phases/P36_FULL_FLOW_E2E_50_100_200_REAL/workload_windows.json,copy_workload_window_metrics
200.lifecycle.telemetry_collect,200,lifecycle,telemetry_collect,event,4.952509,0.0,80.839861,4,P36_FULL_FLOW_E2E_50_100_200_REAL,artifacts/phases/P36_FULL_FLOW_E2E_50_100_200_REAL/workload_windows.json,copy_workload_window_metrics
200.lifecycle.telemetry_collect,200,lifecycle,telemetry_collect,post_recovery,14.764829,0.0,73.95021,4,P36_FULL_FLOW_E2E_50_100_200_REAL,artifacts/phases/P36_FULL_FLOW_E2E_50_100_200_REAL/workload_windows.json,copy_workload_window_metrics
200.lifecycle.telemetry_collect,200,lifecycle,telemetry_collect,post_recovery,14.795756,0.0,70.527425,4,P36_FULL_FLOW_E2E_50_100_200_REAL,artifacts/phases/P36_FULL_FLOW_E2E_50_100_200_REAL/workload_windows.json,copy_workload_window_metrics
200.lifecycle.telemetry_collect,200,lifecycle,telemetry_collect,pre_event,15.536112,0.0,68.848956,4,P36_FULL_FLOW_E2E_50_100_200_REAL,artifacts/phases/P36_FULL_FLOW_E2E_50_100_200_REAL/workload_windows.json,copy_workload_window_metrics
200.lifecycle.telemetry_collect,200,lifecycle,telemetry_collect,pre_event,14.946287,0.0,75.387777,4,P36_FULL_FLOW_E2E_50_100_200_REAL,artifacts/phases/P36_FULL_FLOW_E2E_50_100_200_REAL/workload_windows.json,copy_workload_window_metrics
200.lifecycle.telemetry_collect,200,lifecycle,telemetry_collect,recovery,14.339419,0.0,80.491621,4,P36_FULL_FLOW_E2E_50_100_200_REAL,artifacts/phases/P36_FULL_FLOW_E2E_50_100_200_REAL/workload_windows.json,copy_workload_window_metrics
200.lifecycle.telemetry_collect,200,lifecycle,telemetry_collect,recovery,14.694827,0.0,76.579589,4,P36_FULL_FLOW_E2E_50_100_200_REAL,artifacts/phases/P36_FULL_FLOW_E2E_50_100_200_REAL/workload_windows.json,copy_workload_window_metrics
200.management.add_replica,200,management,add_replica,all_run,5.487928,0.0,74.300552,20,P32_MANAGEMENT_MATRIX_200_REAL,artifacts/phases/P32_MANAGEMENT_MATRIX_200_REAL/workload_windows.json,copy_workload_window_metrics
200.management.add_replica,200,management,add_replica,baseline,16.119272,0.0,63.721039,4,P32_MANAGEMENT_MATRIX_200_REAL,artifacts/phases/P32_MANAGEMENT_MATRIX_200_REAL/workload_windows.json,copy_workload_window_metrics
200.management.add_replica,200,management,add_replica,event,1.558917,0.0,75.408331,4,P32_MANAGEMENT_MATRIX_200_REAL,artifacts/phases/P32_MANAGEMENT_MATRIX_200_REAL/workload_windows.json,copy_workload_window_metrics
200.management.add_replica,200,management,add_replica,post_recovery,14.588269,0.0,74.173698,4,P32_MANAGEMENT_MATRIX_200_REAL,artifacts/phases/P32_MANAGEMENT_MATRIX_200_REAL/workload_windows.json,copy_workload_window_metrics
200.management.add_replica,200,management,add_replica,pre_event,14.212991,0.0,72.116996,4,P32_MANAGEMENT_MATRIX_200_REAL,artifacts/phases/P32_MANAGEMENT_MATRIX_200_REAL/workload_windows.json,copy_workload_window_metrics
200.management.add_replica,200,management,add_replica,recovery,14.627276,0.0,72.690003,4,P32_MANAGEMENT_MATRIX_200_REAL,artifacts/phases/P32_MANAGEMENT_MATRIX_200_REAL/workload_windows.json,copy_workload_window_metrics
200.management.create_cluster,200,management,create_cluster,all_run,5.388763,0.0,88.833631,20,P32_MANAGEMENT_MATRIX_200_REAL,artifacts/phases/P32_MANAGEMENT_MATRIX_200_REAL/workload_windows.json,copy_workload_window_metrics
200.management.create_cluster,200,management,create_cluster,baseline,14.487634,0.0,75.590281,4,P32_MANAGEMENT_MATRIX_200_REAL,artifacts/phases/P32_MANAGEMENT_MATRIX_200_REAL/workload_windows.json,copy_workload_window_metrics
200.management.create_cluster,200,management,create_cluster,event,1.548678,0.0,86.127572,4,P32_MANAGEMENT_MATRIX_200_REAL,artifacts/phases/P32_MANAGEMENT_MATRIX_200_REAL/workload_windows.json,copy_workload_window_metrics
200.management.create_cluster,200,management,create_cluster,post_recovery,14.120619,0.0,83.174123,4,P32_MANAGEMENT_MATRIX_200_REAL,artifacts/phases/P32_MANAGEMENT_MATRIX_200_REAL/workload_windows.json,copy_workload_window_metrics
200.management.create_cluster,200,management,create_cluster,pre_event,15.428629,0.0,72.890194,4,P32_MANAGEMENT_MATRIX_200_REAL,artifacts/phases/P32_MANAGEMENT_MATRIX_200_REAL/workload_windows.json,copy_workload_window_metrics
200.management.create_cluster,200,management,create_cluster,recovery,12.951128,0.0,100.926839,4,P32_MANAGEMENT_MATRIX_200_REAL,artifacts/phases/P32_MANAGEMENT_MATRIX_200_REAL/workload_windows.json,copy_workload_window_metrics
200.management.meet_nodes,200,management,meet_nodes,all_run,5.474452,0.0,74.177367,20,P32_MANAGEMENT_MATRIX_200_REAL,artifacts/phases/P32_MANAGEMENT_MATRIX_200_REAL/workload_windows.json,copy_workload_window_metrics
200.management.meet_nodes,200,management,meet_nodes,baseline,15.776295,0.0,69.632578,4,P32_MANAGEMENT_MATRIX_200_REAL,artifacts/phases/P32_MANAGEMENT_MATRIX_200_REAL/workload_windows.json,copy_workload_window_metrics
200.management.meet_nodes,200,management,meet_nodes,event,1.535044,0.0,78.613234,4,P32_MANAGEMENT_MATRIX_200_REAL,artifacts/phases/P32_MANAGEMENT_MATRIX_200_REAL/workload_windows.json,copy_workload_window_metrics
200.management.meet_nodes,200,management,meet_nodes,post_recovery,14.967898,0.0,71.975648,4,P32_MANAGEMENT_MATRIX_200_REAL,artifacts/phases/P32_MANAGEMENT_MATRIX_200_REAL/workload_windows.json,copy_workload_window_metrics
200.management.meet_nodes,200,management,meet_nodes,pre_event,15.602216,0.0,68.076904,4,P32_MANAGEMENT_MATRIX_200_REAL,artifacts/phases/P32_MANAGEMENT_MATRIX_200_REAL/workload_windows.json,copy_workload_window_metrics
200.management.meet_nodes,200,management,meet_nodes,recovery,14.856804,0.0,71.290569,4,P32_MANAGEMENT_MATRIX_200_REAL,artifacts/phases/P32_MANAGEMENT_MATRIX_200_REAL/workload_windows.json,copy_workload_window_metrics
200.management.rebalance_after_imbalance,200,management,rebalance_after_imbalance,all_run,0.3634,0.0,77.810765,20,P32_MANAGEMENT_MATRIX_200_REAL,artifacts/phases/P32_MANAGEMENT_MATRIX_200_REAL/workload_windows.json,copy_workload_window_metrics
200.management.rebalance_after_imbalance,200,management,rebalance_after_imbalance,baseline,14.901742,0.0,69.980506,4,P32_MANAGEMENT_MATRIX_200_REAL,artifacts/phases/P32_MANAGEMENT_MATRIX_200_REAL/workload_windows.json,copy_workload_window_metrics
200.management.rebalance_after_imbalance,200,management,rebalance_after_imbalance,event,0.074128,0.0,68.971912,4,P32_MANAGEMENT_MATRIX_200_REAL,artifacts/phases/P32_MANAGEMENT_MATRIX_200_REAL/workload_windows.json,copy_workload_window_metrics
200.management.rebalance_after_imbalance,200,management,rebalance_after_imbalance,post_recovery,14.249053,0.0,76.129159,4,P32_MANAGEMENT_MATRIX_200_REAL,artifacts/phases/P32_MANAGEMENT_MATRIX_200_REAL/workload_windows.json,copy_workload_window_metrics
200.management.rebalance_after_imbalance,200,management,rebalance_after_imbalance,pre_event,14.871616,0.0,81.265352,4,P32_MANAGEMENT_MATRIX_200_REAL,artifacts/phases/P32_MANAGEMENT_MATRIX_200_REAL/workload_windows.json,copy_workload_window_metrics
200.management.rebalance_after_imbalance,200,management,rebalance_after_imbalance,recovery,15.624807,0.0,66.914356,4,P32_MANAGEMENT_MATRIX_200_REAL,artifacts/phases/P32_MANAGEMENT_MATRIX_200_REAL/workload_windows.json,copy_workload_window_metrics
200.management.remove_failed_node,200,management,remove_failed_node,all_run,0.361861,0.0,78.148619,20,P32_MANAGEMENT_MATRIX_200_REAL,artifacts/phases/P32_MANAGEMENT_MATRIX_200_REAL/workload_windows.json,copy_workload_window_metrics
200.management.remove_failed_node,200,management,remove_failed_node,baseline,15.115323,0.0,69.639094,4,P32_MANAGEMENT_MATRIX_200_REAL,artifacts/phases/P32_MANAGEMENT_MATRIX_200_REAL/workload_windows.json,copy_workload_window_metrics
200.management.remove_failed_node,200,management,remove_failed_node,event,0.073844,0.0,78.268181,4,P32_MANAGEMENT_MATRIX_200_REAL,artifacts/phases/P32_MANAGEMENT_MATRIX_200_REAL/workload_windows.json,copy_workload_window_metrics
200.management.remove_failed_node,200,management,remove_failed_node,post_recovery,14.498567,0.0,72.993122,4,P32_MANAGEMENT_MATRIX_200_REAL,artifacts/phases/P32_MANAGEMENT_MATRIX_200_REAL/workload_windows.json,copy_workload_window_metrics
200.management.remove_failed_node,200,management,remove_failed_node,pre_event,13.752283,0.0,77.499856,4,P32_MANAGEMENT_MATRIX_200_REAL,artifacts/phases/P32_MANAGEMENT_MATRIX_200_REAL/workload_windows.json,copy_workload_window_metrics
200.management.remove_failed_node,200,management,remove_failed_node,recovery,14.865447,0.0,72.370514,4,P32_MANAGEMENT_MATRIX_200_REAL,artifacts/phases/P32_MANAGEMENT_MATRIX_200_REAL/workload_windows.json,copy_workload_window_metrics
200.management.remove_primary_drained_or_safe_replaced,200,management,remove_primary_drained_or_safe_replaced,all_run,0.306358,0.0,78.359472,20,P32_MANAGEMENT_MATRIX_200_REAL,artifacts/phases/P32_MANAGEMENT_MATRIX_200_REAL/workload_windows.json,copy_workload_window_metrics
200.management.remove_primary_drained_or_safe_replaced,200,management,remove_primary_drained_or_safe_replaced,baseline,16.89896,0.0,60.860796,4,P32_MANAGEMENT_MATRIX_200_REAL,artifacts/phases/P32_MANAGEMENT_MATRIX_200_REAL/workload_windows.json,copy_workload_window_metrics
200.management.remove_primary_drained_or_safe_replaced,200,management,remove_primary_drained_or_safe_replaced,event,0.062223,0.0,77.775429,4,P32_MANAGEMENT_MATRIX_200_REAL,artifacts/phases/P32_MANAGEMENT_MATRIX_200_REAL/workload_windows.json,copy_workload_window_metrics
200.management.remove_primary_drained_or_safe_replaced,200,management,remove_primary_drained_or_safe_replaced,post_recovery,15.407077,0.0,73.024831,4,P32_MANAGEMENT_MATRIX_200_REAL,artifacts/phases/P32_MANAGEMENT_MATRIX_200_REAL/workload_windows.json,copy_workload_window_metrics
200.management.remove_primary_drained_or_safe_replaced,200,management,remove_primary_drained_or_safe_replaced,pre_event,16.761649,0.0,63.402427,4,P32_MANAGEMENT_MATRIX_200_REAL,artifacts/phases/P32_MANAGEMENT_MATRIX_200_REAL/workload_windows.json,copy_workload_window_metrics
200.management.remove_primary_drained_or_safe_replaced,200,management,remove_primary_drained_or_safe_replaced,recovery,15.262768,0.0,76.144529,4,P32_MANAGEMENT_MATRIX_200_REAL,artifacts/phases/P32_MANAGEMENT_MATRIX_200_REAL/workload_windows.json,copy_workload_window_metrics
200.management.remove_replica,200,management,remove_replica,all_run,0.28182,0.0,75.245105,20,P32_MANAGEMENT_MATRIX_200_REAL,artifacts/phases/P32_MANAGEMENT_MATRIX_200_REAL/workload_windows.json,copy_workload_window_metrics
200.management.remove_replica,200,management,remove_replica,baseline,15.279824,0.0,69.908783,4,P32_MANAGEMENT_MATRIX_200_REAL,artifacts/phases/P32_MANAGEMENT_MATRIX_200_REAL/workload_windows.json,copy_workload_window_metrics
200.management.remove_replica,200,management,remove_replica,event,0.057247,0.0,72.124152,4,P32_MANAGEMENT_MATRIX_200_REAL,artifacts/phases/P32_MANAGEMENT_MATRIX_200_REAL/workload_windows.json,copy_workload_window_metrics
200.management.remove_replica,200,management,remove_replica,post_recovery,14.332168,0.0,78.261279,4,P32_MANAGEMENT_MATRIX_200_REAL,artifacts/phases/P32_MANAGEMENT_MATRIX_200_REAL/workload_windows.json,copy_workload_window_metrics
200.management.remove_replica,200,management,remove_replica,pre_event,14.728123,0.0,70.250512,4,P32_MANAGEMENT_MATRIX_200_REAL,artifacts/phases/P32_MANAGEMENT_MATRIX_200_REAL/workload_windows.json,copy_workload_window_metrics
200.management.remove_replica,200,management,remove_replica,recovery,14.225725,0.0,74.612529,4,P32_MANAGEMENT_MATRIX_200_REAL,artifacts/phases/P32_MANAGEMENT_MATRIX_200_REAL/workload_windows.json,copy_workload_window_metrics
200.management.reshard_slot_range,200,management,reshard_slot_range,all_run,1.143338,0.0,75.888463,20,P32_MANAGEMENT_MATRIX_200_REAL,artifacts/phases/P32_MANAGEMENT_MATRIX_200_REAL/workload_windows.json,copy_workload_window_metrics
200.management.reshard_slot_range,200,management,reshard_slot_range,baseline,15.772935,0.0,66.640947,4,P32_MANAGEMENT_MATRIX_200_REAL,artifacts/phases/P32_MANAGEMENT_MATRIX_200_REAL/workload_windows.json,copy_workload_window_metrics
200.management.reshard_slot_range,200,management,reshard_slot_range,event,0.243428,0.0,70.567659,4,P32_MANAGEMENT_MATRIX_200_REAL,artifacts/phases/P32_MANAGEMENT_MATRIX_200_REAL/workload_windows.json,copy_workload_window_metrics
200.management.reshard_slot_range,200,management,reshard_slot_range,post_recovery,14.686905,0.0,75.158889,4,P32_MANAGEMENT_MATRIX_200_REAL,artifacts/phases/P32_MANAGEMENT_MATRIX_200_REAL/workload_windows.json,copy_workload_window_metrics
200.management.reshard_slot_range,200,management,reshard_slot_range,pre_event,14.543568,0.0,75.316286,4,P32_MANAGEMENT_MATRIX_200_REAL,artifacts/phases/P32_MANAGEMENT_MATRIX_200_REAL/workload_windows.json,copy_workload_window_metrics
200.management.reshard_slot_range,200,management,reshard_slot_range,recovery,15.486201,0.0,70.68365,4,P32_MANAGEMENT_MATRIX_200_REAL,artifacts/phases/P32_MANAGEMENT_MATRIX_200_REAL/workload_windows.json,copy_workload_window_metrics
200.management.reshard_with_keys,200,management,reshard_with_keys,all_run,2.030723,0.0,75.781227,20,P32_MANAGEMENT_MATRIX_200_REAL,artifacts/phases/P32_MANAGEMENT_MATRIX_200_REAL/workload_windows.json,copy_workload_window_metrics
200.management.reshard_with_keys,200,management,reshard_with_keys,baseline,14.340265,0.0,82.049639,4,P32_MANAGEMENT_MATRIX_200_REAL,artifacts/phases/P32_MANAGEMENT_MATRIX_200_REAL/workload_windows.json,copy_workload_window_metrics
200.management.reshard_with_keys,200,management,reshard_with_keys,event,0.456283,0.0,73.933783,4,P32_MANAGEMENT_MATRIX_200_REAL,artifacts/phases/P32_MANAGEMENT_MATRIX_200_REAL/workload_windows.json,copy_workload_window_metrics
200.management.reshard_with_keys,200,management,reshard_with_keys,post_recovery,15.03353,0.0,71.651685,4,P32_MANAGEMENT_MATRIX_200_REAL,artifacts/phases/P32_MANAGEMENT_MATRIX_200_REAL/workload_windows.json,copy_workload_window_metrics
200.management.reshard_with_keys,200,management,reshard_with_keys,pre_event,14.787515,0.0,69.722533,4,P32_MANAGEMENT_MATRIX_200_REAL,artifacts/phases/P32_MANAGEMENT_MATRIX_200_REAL/workload_windows.json,copy_workload_window_metrics
200.management.reshard_with_keys,200,management,reshard_with_keys,recovery,15.071162,0.0,70.197783,4,P32_MANAGEMENT_MATRIX_200_REAL,artifacts/phases/P32_MANAGEMENT_MATRIX_200_REAL/workload_windows.json,copy_workload_window_metrics
200.management.rolling_restart_primary_safe,200,management,rolling_restart_primary_safe,all_run,0.023098,0.0,72.983721,20,P32_MANAGEMENT_MATRIX_200_REAL,artifacts/phases/P32_MANAGEMENT_MATRIX_200_REAL/workload_windows.json,copy_workload_window_metrics
200.management.rolling_restart_primary_safe,200,management,rolling_restart_primary_safe,baseline,15.086322,0.0,72.130698,4,P32_MANAGEMENT_MATRIX_200_REAL,artifacts/phases/P32_MANAGEMENT_MATRIX_200_REAL/workload_windows.json,copy_workload_window_metrics
200.management.rolling_restart_primary_safe,200,management,rolling_restart_primary_safe,event,0.004625,0.0,68.796555,4,P32_MANAGEMENT_MATRIX_200_REAL,artifacts/phases/P32_MANAGEMENT_MATRIX_200_REAL/workload_windows.json,copy_workload_window_metrics
200.management.rolling_restart_primary_safe,200,management,rolling_restart_primary_safe,post_recovery,16.137695,0.0,63.942216,4,P32_MANAGEMENT_MATRIX_200_REAL,artifacts/phases/P32_MANAGEMENT_MATRIX_200_REAL/workload_windows.json,copy_workload_window_metrics
200.management.rolling_restart_primary_safe,200,management,rolling_restart_primary_safe,pre_event,15.110897,0.0,73.709413,4,P32_MANAGEMENT_MATRIX_200_REAL,artifacts/phases/P32_MANAGEMENT_MATRIX_200_REAL/workload_windows.json,copy_workload_window_metrics
200.management.rolling_restart_primary_safe,200,management,rolling_restart_primary_safe,recovery,15.832265,0.0,71.02525,4,P32_MANAGEMENT_MATRIX_200_REAL,artifacts/phases/P32_MANAGEMENT_MATRIX_200_REAL/workload_windows.json,copy_workload_window_metrics
200.management.rolling_restart_replica_first,200,management,rolling_restart_replica_first,all_run,0.029179,0.0,76.350283,20,P32_MANAGEMENT_MATRIX_200_REAL,artifacts/phases/P32_MANAGEMENT_MATRIX_200_REAL/workload_windows.json,copy_workload_window_metrics
200.management.rolling_restart_replica_first,200,management,rolling_restart_replica_first,baseline,15.083262,0.0,72.758958,4,P32_MANAGEMENT_MATRIX_200_REAL,artifacts/phases/P32_MANAGEMENT_MATRIX_200_REAL/workload_windows.json,copy_workload_window_metrics
200.management.rolling_restart_replica_first,200,management,rolling_restart_replica_first,event,0.005845,0.0,75.690839,4,P32_MANAGEMENT_MATRIX_200_REAL,artifacts/phases/P32_MANAGEMENT_MATRIX_200_REAL/workload_windows.json,copy_workload_window_metrics
200.management.rolling_restart_replica_first,200,management,rolling_restart_replica_first,post_recovery,14.606141,0.0,71.474014,4,P32_MANAGEMENT_MATRIX_200_REAL,artifacts/phases/P32_MANAGEMENT_MATRIX_200_REAL/workload_windows.json,copy_workload_window_metrics
200.management.rolling_restart_replica_first,200,management,rolling_restart_replica_first,pre_event,14.711528,0.0,72.621217,4,P32_MANAGEMENT_MATRIX_200_REAL,artifacts/phases/P32_MANAGEMENT_MATRIX_200_REAL/workload_windows.json,copy_workload_window_metrics
200.management.rolling_restart_replica_first,200,management,rolling_restart_replica_first,recovery,14.468338,0.0,83.446434,4,P32_MANAGEMENT_MATRIX_200_REAL,artifacts/phases/P32_MANAGEMENT_MATRIX_200_REAL/workload_windows.json,copy_workload_window_metrics
