category,comparison_id,post_recovery_qps_ratio,recovery_duration_ms,row_id,source_stage_id,status
management,remove_failed_node-06,1.1721,264.395,P17_MANAGEMENT_REMOVE_NODE:remove_failed_node-06,P17_MANAGEMENT_REMOVE_NODE,PASS
management,remove_failed_node-10,1.086473,255.696,P17_MANAGEMENT_REMOVE_NODE:remove_failed_node-10,P17_MANAGEMENT_REMOVE_NODE,PASS
management,remove_primary_drained-06,1.079438,261.506,P17_MANAGEMENT_REMOVE_NODE:remove_primary_drained-06,P17_MANAGEMENT_REMOVE_NODE,PASS
management,remove_primary_drained-10,0.951753,261.147,P17_MANAGEMENT_REMOVE_NODE:remove_primary_drained-10,P17_MANAGEMENT_REMOVE_NODE,PASS
management,remove_replica-06,1.04429,265.034,P17_MANAGEMENT_REMOVE_NODE:remove_replica-06,P17_MANAGEMENT_REMOVE_NODE,PASS
management,remove_replica-10,0.977896,266.518,P17_MANAGEMENT_REMOVE_NODE:remove_replica-10,P17_MANAGEMENT_REMOVE_NODE,PASS
management,rebalance_after_imbalance-06,1.220578,261.198,P18_MANAGEMENT_RESHARD_REBALANCE:rebalance_after_imbalance-06,P18_MANAGEMENT_RESHARD_REBALANCE,PASS
management,rebalance_after_imbalance-10,1.101763,273.846,P18_MANAGEMENT_RESHARD_REBALANCE:rebalance_after_imbalance-10,P18_MANAGEMENT_RESHARD_REBALANCE,PASS
management,reshard_slot_range-06,1.053188,274.501,P18_MANAGEMENT_RESHARD_REBALANCE:reshard_slot_range-06,P18_MANAGEMENT_RESHARD_REBALANCE,PASS
management,reshard_slot_range-10,0.960896,254.673,P18_MANAGEMENT_RESHARD_REBALANCE:reshard_slot_range-10,P18_MANAGEMENT_RESHARD_REBALANCE,PASS
management,reshard_with_keys-06,1.086154,262.08,P18_MANAGEMENT_RESHARD_REBALANCE:reshard_with_keys-06,P18_MANAGEMENT_RESHARD_REBALANCE,PASS
management,reshard_with_keys-10,0.940785,251.306,P18_MANAGEMENT_RESHARD_REBALANCE:reshard_with_keys-10,P18_MANAGEMENT_RESHARD_REBALANCE,PASS
management,rolling_restart_primary_safe-06,1.36331,231.472,P19_MANAGEMENT_ROLLING_RESTART:rolling_restart_primary_safe-06,P19_MANAGEMENT_ROLLING_RESTART,PASS
management,rolling_restart_primary_safe-10,1.119903,251.62,P19_MANAGEMENT_ROLLING_RESTART:rolling_restart_primary_safe-10,P19_MANAGEMENT_ROLLING_RESTART,PASS
management,rolling_restart_replica_first-06,1.023197,269.13,P19_MANAGEMENT_ROLLING_RESTART:rolling_restart_replica_first-06,P19_MANAGEMENT_ROLLING_RESTART,PASS
management,rolling_restart_replica_first-10,1.206126,266.112,P19_MANAGEMENT_ROLLING_RESTART:rolling_restart_replica_first-10,P19_MANAGEMENT_ROLLING_RESTART,PASS
failover,rung-100-sample-01,0.395349,MISSING,P20_FAILOVER_LATENCY_CURVE_30_50_100:rung-100-sample-01,P20_FAILOVER_LATENCY_CURVE_30_50_100,PASS
failover,rung-100-sample-02,0.375,MISSING,P20_FAILOVER_LATENCY_CURVE_30_50_100:rung-100-sample-02,P20_FAILOVER_LATENCY_CURVE_30_50_100,PASS
failover,rung-100-sample-03,0.435897,MISSING,P20_FAILOVER_LATENCY_CURVE_30_50_100:rung-100-sample-03,P20_FAILOVER_LATENCY_CURVE_30_50_100,PASS
failover,rung-30-sample-01,0.483871,MISSING,P20_FAILOVER_LATENCY_CURVE_30_50_100:rung-30-sample-01,P20_FAILOVER_LATENCY_CURVE_30_50_100,PASS
failover,rung-30-sample-02,0.428571,MISSING,P20_FAILOVER_LATENCY_CURVE_30_50_100:rung-30-sample-02,P20_FAILOVER_LATENCY_CURVE_30_50_100,PASS
failover,rung-30-sample-03,0.470588,MISSING,P20_FAILOVER_LATENCY_CURVE_30_50_100:rung-30-sample-03,P20_FAILOVER_LATENCY_CURVE_30_50_100,PASS
failover,rung-50-sample-01,0.470588,MISSING,P20_FAILOVER_LATENCY_CURVE_30_50_100:rung-50-sample-01,P20_FAILOVER_LATENCY_CURVE_30_50_100,PASS
failover,rung-50-sample-02,0.517241,MISSING,P20_FAILOVER_LATENCY_CURVE_30_50_100:rung-50-sample-02,P20_FAILOVER_LATENCY_CURVE_30_50_100,PASS
failover,rung-50-sample-03,0.548387,MISSING,P20_FAILOVER_LATENCY_CURVE_30_50_100:rung-50-sample-03,P20_FAILOVER_LATENCY_CURVE_30_50_100,PASS
failover,rung-200-sample-01,0.274194,MISSING,P21_FAILOVER_LATENCY_CURVE_200:rung-200-sample-01,P21_FAILOVER_LATENCY_CURVE_200,PASS
failover,rung-200-sample-02,0.416666,MISSING,P21_FAILOVER_LATENCY_CURVE_200:rung-200-sample-02,P21_FAILOVER_LATENCY_CURVE_200,PASS
failover,rung-200-sample-03,0.325581,MISSING,P21_FAILOVER_LATENCY_CURVE_200:rung-200-sample-03,P21_FAILOVER_LATENCY_CURVE_200,PASS
fault,p22-10-az_stop,0.722222,MISSING,P22_FAULT_REPLICA_HOST_AZ_STOP:p22-10-az_stop,P22_FAULT_REPLICA_HOST_AZ_STOP,PASS
fault,p22-10-node_host_stop,0.8,MISSING,P22_FAULT_REPLICA_HOST_AZ_STOP:p22-10-node_host_stop,P22_FAULT_REPLICA_HOST_AZ_STOP,PASS
fault,p22-10-replica_stop,0.777778,MISSING,P22_FAULT_REPLICA_HOST_AZ_STOP:p22-10-replica_stop,P22_FAULT_REPLICA_HOST_AZ_STOP,PASS
fault,p22-30-az_stop,1.133334,MISSING,P22_FAULT_REPLICA_HOST_AZ_STOP:p22-30-az_stop,P22_FAULT_REPLICA_HOST_AZ_STOP,PASS
fault,p22-30-node_host_stop,0.499999,MISSING,P22_FAULT_REPLICA_HOST_AZ_STOP:p22-30-node_host_stop,P22_FAULT_REPLICA_HOST_AZ_STOP,PASS
fault,p22-30-replica_stop,0.818182,MISSING,P22_FAULT_REPLICA_HOST_AZ_STOP:p22-30-replica_stop,P22_FAULT_REPLICA_HOST_AZ_STOP,PASS
fault,p22-6-az_stop,1.333333,MISSING,P22_FAULT_REPLICA_HOST_AZ_STOP:p22-6-az_stop,P22_FAULT_REPLICA_HOST_AZ_STOP,PASS
fault,p22-6-node_host_stop,0.571428,MISSING,P22_FAULT_REPLICA_HOST_AZ_STOP:p22-6-node_host_stop,P22_FAULT_REPLICA_HOST_AZ_STOP,PASS
fault,p22-6-replica_stop,1.357144,MISSING,P22_FAULT_REPLICA_HOST_AZ_STOP:p22-6-replica_stop,P22_FAULT_REPLICA_HOST_AZ_STOP,PASS
fault,p23-10-network_delay,1.111112,MISSING,P23_FAULT_NETWORK_DELAY_LOSS_FLAP:p23-10-network_delay,P23_FAULT_NETWORK_DELAY_LOSS_FLAP,PASS
fault,p23-10-network_flap,1.0,MISSING,P23_FAULT_NETWORK_DELAY_LOSS_FLAP:p23-10-network_flap,P23_FAULT_NETWORK_DELAY_LOSS_FLAP,PASS
fault,p23-10-network_loss,0.9,MISSING,P23_FAULT_NETWORK_DELAY_LOSS_FLAP:p23-10-network_loss,P23_FAULT_NETWORK_DELAY_LOSS_FLAP,PASS
fault,p23-6-network_delay,0.8,MISSING,P23_FAULT_NETWORK_DELAY_LOSS_FLAP:p23-6-network_delay,P23_FAULT_NETWORK_DELAY_LOSS_FLAP,PASS
fault,p23-6-network_flap,0.9,MISSING,P23_FAULT_NETWORK_DELAY_LOSS_FLAP:p23-6-network_flap,P23_FAULT_NETWORK_DELAY_LOSS_FLAP,PASS
fault,p23-6-network_loss,0.636364,MISSING,P23_FAULT_NETWORK_DELAY_LOSS_FLAP:p23-6-network_loss,P23_FAULT_NETWORK_DELAY_LOSS_FLAP,PASS
fault,p24-10-network_partition_majority,0.714286,MISSING,P24_PARTITION_SPLIT_BRAIN_MATRIX:p24-10-network_partition_majority,P24_PARTITION_SPLIT_BRAIN_MATRIX,PASS
fault,p24-10-network_partition_minority,0.0,MISSING,P24_PARTITION_SPLIT_BRAIN_MATRIX:p24-10-network_partition_minority,P24_PARTITION_SPLIT_BRAIN_MATRIX,PASS
fault,p24-10-split_brain_window_detection,1.199999,MISSING,P24_PARTITION_SPLIT_BRAIN_MATRIX:p24-10-split_brain_window_detection,P24_PARTITION_SPLIT_BRAIN_MATRIX,PASS
fault,p24-6-network_partition_majority,1.333333,MISSING,P24_PARTITION_SPLIT_BRAIN_MATRIX:p24-6-network_partition_majority,P24_PARTITION_SPLIT_BRAIN_MATRIX,PASS
fault,p24-6-network_partition_minority,0.0,MISSING,P24_PARTITION_SPLIT_BRAIN_MATRIX:p24-6-network_partition_minority,P24_PARTITION_SPLIT_BRAIN_MATRIX,PASS
fault,p24-6-split_brain_window_detection,0.375,MISSING,P24_PARTITION_SPLIT_BRAIN_MATRIX:p24-6-split_brain_window_detection,P24_PARTITION_SPLIT_BRAIN_MATRIX,PASS
