coverage_id,scale,node_count,category,row_name,stage_owner,required,execution_mode,status,status_reason,source_artifacts,validation_artifacts,metric_refs,cleanup_ref,review_ref,commit_sha
50.lifecycle.add_replica,50,50,lifecycle,add_replica,P36_FULL_FLOW_E2E_50_100_200_REAL,True,real,PENDING,Awaiting exact-scale real evidence from P36_FULL_FLOW_E2E_50_100_200_REAL,,,,,,
50.lifecycle.analysis_build,50,50,lifecycle,analysis_build,P36_FULL_FLOW_E2E_50_100_200_REAL,True,real,PENDING,Awaiting exact-scale real evidence from P36_FULL_FLOW_E2E_50_100_200_REAL,,,,,,
50.lifecycle.assign_slots,50,50,lifecycle,assign_slots,P36_FULL_FLOW_E2E_50_100_200_REAL,True,real,PENDING,Awaiting exact-scale real evidence from P36_FULL_FLOW_E2E_50_100_200_REAL,,,,,,
50.lifecycle.baseline_workload,50,50,lifecycle,baseline_workload,P36_FULL_FLOW_E2E_50_100_200_REAL,True,real,PENDING,Awaiting exact-scale real evidence from P36_FULL_FLOW_E2E_50_100_200_REAL,,,,,,
50.lifecycle.cleanup_verify,50,50,lifecycle,cleanup_verify,P36_FULL_FLOW_E2E_50_100_200_REAL,True,real,PENDING,Awaiting exact-scale real evidence from P36_FULL_FLOW_E2E_50_100_200_REAL,,,,,,
50.lifecycle.config_validate,50,50,lifecycle,config_validate,P36_FULL_FLOW_E2E_50_100_200_REAL,True,real,PENDING,Awaiting exact-scale real evidence from P36_FULL_FLOW_E2E_50_100_200_REAL,,,,,,
50.lifecycle.create_cluster,50,50,lifecycle,create_cluster,P36_FULL_FLOW_E2E_50_100_200_REAL,True,real,PENDING,Awaiting exact-scale real evidence from P36_FULL_FLOW_E2E_50_100_200_REAL,,,,,,
50.lifecycle.meet_nodes,50,50,lifecycle,meet_nodes,P36_FULL_FLOW_E2E_50_100_200_REAL,True,real,PENDING,Awaiting exact-scale real evidence from P36_FULL_FLOW_E2E_50_100_200_REAL,,,,,,
50.lifecycle.plan_cluster,50,50,lifecycle,plan_cluster,P36_FULL_FLOW_E2E_50_100_200_REAL,True,real,PENDING,Awaiting exact-scale real evidence from P36_FULL_FLOW_E2E_50_100_200_REAL,,,,,,
50.lifecycle.report_render,50,50,lifecycle,report_render,P36_FULL_FLOW_E2E_50_100_200_REAL,True,real,PENDING,Awaiting exact-scale real evidence from P36_FULL_FLOW_E2E_50_100_200_REAL,,,,,,
50.lifecycle.resource_preflight,50,50,lifecycle,resource_preflight,P36_FULL_FLOW_E2E_50_100_200_REAL,True,real,PENDING,Awaiting exact-scale real evidence from P36_FULL_FLOW_E2E_50_100_200_REAL,,,,,,
50.lifecycle.telemetry_collect,50,50,lifecycle,telemetry_collect,P36_FULL_FLOW_E2E_50_100_200_REAL,True,real,PENDING,Awaiting exact-scale real evidence from P36_FULL_FLOW_E2E_50_100_200_REAL,,,,,,
50.management.add_replica,50,50,management,add_replica,P30_MANAGEMENT_MATRIX_50_REAL,True,real,PENDING,Awaiting exact-scale real evidence from P30_MANAGEMENT_MATRIX_50_REAL,,,,,,
50.management.create_cluster,50,50,management,create_cluster,P30_MANAGEMENT_MATRIX_50_REAL,True,real,PENDING,Awaiting exact-scale real evidence from P30_MANAGEMENT_MATRIX_50_REAL,,,,,,
50.management.meet_nodes,50,50,management,meet_nodes,P30_MANAGEMENT_MATRIX_50_REAL,True,real,PENDING,Awaiting exact-scale real evidence from P30_MANAGEMENT_MATRIX_50_REAL,,,,,,
50.management.rebalance_after_imbalance,50,50,management,rebalance_after_imbalance,P30_MANAGEMENT_MATRIX_50_REAL,True,real,PENDING,Awaiting exact-scale real evidence from P30_MANAGEMENT_MATRIX_50_REAL,,,,,,
50.management.remove_failed_node,50,50,management,remove_failed_node,P30_MANAGEMENT_MATRIX_50_REAL,True,real,PENDING,Awaiting exact-scale real evidence from P30_MANAGEMENT_MATRIX_50_REAL,,,,,,
50.management.remove_primary_drained_or_safe_replaced,50,50,management,remove_primary_drained_or_safe_replaced,P30_MANAGEMENT_MATRIX_50_REAL,True,real,PENDING,Awaiting exact-scale real evidence from P30_MANAGEMENT_MATRIX_50_REAL,,,,,,
50.management.remove_replica,50,50,management,remove_replica,P30_MANAGEMENT_MATRIX_50_REAL,True,real,PENDING,Awaiting exact-scale real evidence from P30_MANAGEMENT_MATRIX_50_REAL,,,,,,
50.management.reshard_slot_range,50,50,management,reshard_slot_range,P30_MANAGEMENT_MATRIX_50_REAL,True,real,PENDING,Awaiting exact-scale real evidence from P30_MANAGEMENT_MATRIX_50_REAL,,,,,,
50.management.reshard_with_keys,50,50,management,reshard_with_keys,P30_MANAGEMENT_MATRIX_50_REAL,True,real,PENDING,Awaiting exact-scale real evidence from P30_MANAGEMENT_MATRIX_50_REAL,,,,,,
50.management.rolling_restart_primary_safe,50,50,management,rolling_restart_primary_safe,P30_MANAGEMENT_MATRIX_50_REAL,True,real,PENDING,Awaiting exact-scale real evidence from P30_MANAGEMENT_MATRIX_50_REAL,,,,,,
50.management.rolling_restart_replica_first,50,50,management,rolling_restart_replica_first,P30_MANAGEMENT_MATRIX_50_REAL,True,real,PENDING,Awaiting exact-scale real evidence from P30_MANAGEMENT_MATRIX_50_REAL,,,,,,
50.fault.az_stop,50,50,fault,az_stop,P33_FAULT_FAILOVER_MATRIX_50_REAL,True,real,PENDING,Awaiting exact-scale real evidence from P33_FAULT_FAILOVER_MATRIX_50_REAL,,,,,,
50.fault.fault_period_workload_impact,50,50,fault,fault_period_workload_impact,P33_FAULT_FAILOVER_MATRIX_50_REAL,True,real,PENDING,Awaiting exact-scale real evidence from P33_FAULT_FAILOVER_MATRIX_50_REAL,,,,,,
50.fault.majority_partition,50,50,fault,majority_partition,P33_FAULT_FAILOVER_MATRIX_50_REAL,True,real,PENDING,Awaiting exact-scale real evidence from P33_FAULT_FAILOVER_MATRIX_50_REAL,,,,,,
50.fault.minority_partition,50,50,fault,minority_partition,P33_FAULT_FAILOVER_MATRIX_50_REAL,True,real,PENDING,Awaiting exact-scale real evidence from P33_FAULT_FAILOVER_MATRIX_50_REAL,,,,,,
50.fault.network_delay,50,50,fault,network_delay,P33_FAULT_FAILOVER_MATRIX_50_REAL,True,real,PENDING,Awaiting exact-scale real evidence from P33_FAULT_FAILOVER_MATRIX_50_REAL,,,,,,
50.fault.network_flap,50,50,fault,network_flap,P33_FAULT_FAILOVER_MATRIX_50_REAL,True,real,PENDING,Awaiting exact-scale real evidence from P33_FAULT_FAILOVER_MATRIX_50_REAL,,,,,,
50.fault.network_loss,50,50,fault,network_loss,P33_FAULT_FAILOVER_MATRIX_50_REAL,True,real,PENDING,Awaiting exact-scale real evidence from P33_FAULT_FAILOVER_MATRIX_50_REAL,,,,,,
50.fault.network_partition,50,50,fault,network_partition,P33_FAULT_FAILOVER_MATRIX_50_REAL,True,real,PENDING,Awaiting exact-scale real evidence from P33_FAULT_FAILOVER_MATRIX_50_REAL,,,,,,
50.fault.node_host_stop,50,50,fault,node_host_stop,P33_FAULT_FAILOVER_MATRIX_50_REAL,True,real,PENDING,Awaiting exact-scale real evidence from P33_FAULT_FAILOVER_MATRIX_50_REAL,,,,,,
50.fault.primary_stop_failover,50,50,fault,primary_stop_failover,P33_FAULT_FAILOVER_MATRIX_50_REAL,True,real,PENDING,Awaiting exact-scale real evidence from P33_FAULT_FAILOVER_MATRIX_50_REAL,,,,,,
50.fault.replica_stop,50,50,fault,replica_stop,P33_FAULT_FAILOVER_MATRIX_50_REAL,True,real,PENDING,Awaiting exact-scale real evidence from P33_FAULT_FAILOVER_MATRIX_50_REAL,,,,,,
50.fault.split_brain_window_detection,50,50,fault,split_brain_window_detection,P33_FAULT_FAILOVER_MATRIX_50_REAL,True,real,PENDING,Awaiting exact-scale real evidence from P33_FAULT_FAILOVER_MATRIX_50_REAL,,,,,,
100.lifecycle.add_replica,100,100,lifecycle,add_replica,P36_FULL_FLOW_E2E_50_100_200_REAL,True,real,PENDING,Awaiting exact-scale real evidence from P36_FULL_FLOW_E2E_50_100_200_REAL,,,,,,
100.lifecycle.analysis_build,100,100,lifecycle,analysis_build,P36_FULL_FLOW_E2E_50_100_200_REAL,True,real,PENDING,Awaiting exact-scale real evidence from P36_FULL_FLOW_E2E_50_100_200_REAL,,,,,,
100.lifecycle.assign_slots,100,100,lifecycle,assign_slots,P36_FULL_FLOW_E2E_50_100_200_REAL,True,real,PENDING,Awaiting exact-scale real evidence from P36_FULL_FLOW_E2E_50_100_200_REAL,,,,,,
100.lifecycle.baseline_workload,100,100,lifecycle,baseline_workload,P36_FULL_FLOW_E2E_50_100_200_REAL,True,real,PENDING,Awaiting exact-scale real evidence from P36_FULL_FLOW_E2E_50_100_200_REAL,,,,,,
100.lifecycle.cleanup_verify,100,100,lifecycle,cleanup_verify,P36_FULL_FLOW_E2E_50_100_200_REAL,True,real,PENDING,Awaiting exact-scale real evidence from P36_FULL_FLOW_E2E_50_100_200_REAL,,,,,,
100.lifecycle.config_validate,100,100,lifecycle,config_validate,P36_FULL_FLOW_E2E_50_100_200_REAL,True,real,PENDING,Awaiting exact-scale real evidence from P36_FULL_FLOW_E2E_50_100_200_REAL,,,,,,
100.lifecycle.create_cluster,100,100,lifecycle,create_cluster,P36_FULL_FLOW_E2E_50_100_200_REAL,True,real,PENDING,Awaiting exact-scale real evidence from P36_FULL_FLOW_E2E_50_100_200_REAL,,,,,,
100.lifecycle.meet_nodes,100,100,lifecycle,meet_nodes,P36_FULL_FLOW_E2E_50_100_200_REAL,True,real,PENDING,Awaiting exact-scale real evidence from P36_FULL_FLOW_E2E_50_100_200_REAL,,,,,,
100.lifecycle.plan_cluster,100,100,lifecycle,plan_cluster,P36_FULL_FLOW_E2E_50_100_200_REAL,True,real,PENDING,Awaiting exact-scale real evidence from P36_FULL_FLOW_E2E_50_100_200_REAL,,,,,,
100.lifecycle.report_render,100,100,lifecycle,report_render,P36_FULL_FLOW_E2E_50_100_200_REAL,True,real,PENDING,Awaiting exact-scale real evidence from P36_FULL_FLOW_E2E_50_100_200_REAL,,,,,,
100.lifecycle.resource_preflight,100,100,lifecycle,resource_preflight,P36_FULL_FLOW_E2E_50_100_200_REAL,True,real,PENDING,Awaiting exact-scale real evidence from P36_FULL_FLOW_E2E_50_100_200_REAL,,,,,,
100.lifecycle.telemetry_collect,100,100,lifecycle,telemetry_collect,P36_FULL_FLOW_E2E_50_100_200_REAL,True,real,PENDING,Awaiting exact-scale real evidence from P36_FULL_FLOW_E2E_50_100_200_REAL,,,,,,
100.management.add_replica,100,100,management,add_replica,P31_MANAGEMENT_MATRIX_100_REAL,True,real,PENDING,Awaiting exact-scale real evidence from P31_MANAGEMENT_MATRIX_100_REAL,,,,,,
100.management.create_cluster,100,100,management,create_cluster,P31_MANAGEMENT_MATRIX_100_REAL,True,real,PENDING,Awaiting exact-scale real evidence from P31_MANAGEMENT_MATRIX_100_REAL,,,,,,
100.management.meet_nodes,100,100,management,meet_nodes,P31_MANAGEMENT_MATRIX_100_REAL,True,real,PENDING,Awaiting exact-scale real evidence from P31_MANAGEMENT_MATRIX_100_REAL,,,,,,
100.management.rebalance_after_imbalance,100,100,management,rebalance_after_imbalance,P31_MANAGEMENT_MATRIX_100_REAL,True,real,PENDING,Awaiting exact-scale real evidence from P31_MANAGEMENT_MATRIX_100_REAL,,,,,,
100.management.remove_failed_node,100,100,management,remove_failed_node,P31_MANAGEMENT_MATRIX_100_REAL,True,real,PENDING,Awaiting exact-scale real evidence from P31_MANAGEMENT_MATRIX_100_REAL,,,,,,
100.management.remove_primary_drained_or_safe_replaced,100,100,management,remove_primary_drained_or_safe_replaced,P31_MANAGEMENT_MATRIX_100_REAL,True,real,PENDING,Awaiting exact-scale real evidence from P31_MANAGEMENT_MATRIX_100_REAL,,,,,,
100.management.remove_replica,100,100,management,remove_replica,P31_MANAGEMENT_MATRIX_100_REAL,True,real,PENDING,Awaiting exact-scale real evidence from P31_MANAGEMENT_MATRIX_100_REAL,,,,,,
100.management.reshard_slot_range,100,100,management,reshard_slot_range,P31_MANAGEMENT_MATRIX_100_REAL,True,real,PENDING,Awaiting exact-scale real evidence from P31_MANAGEMENT_MATRIX_100_REAL,,,,,,
100.management.reshard_with_keys,100,100,management,reshard_with_keys,P31_MANAGEMENT_MATRIX_100_REAL,True,real,PENDING,Awaiting exact-scale real evidence from P31_MANAGEMENT_MATRIX_100_REAL,,,,,,
100.management.rolling_restart_primary_safe,100,100,management,rolling_restart_primary_safe,P31_MANAGEMENT_MATRIX_100_REAL,True,real,PENDING,Awaiting exact-scale real evidence from P31_MANAGEMENT_MATRIX_100_REAL,,,,,,
100.management.rolling_restart_replica_first,100,100,management,rolling_restart_replica_first,P31_MANAGEMENT_MATRIX_100_REAL,True,real,PENDING,Awaiting exact-scale real evidence from P31_MANAGEMENT_MATRIX_100_REAL,,,,,,
100.fault.az_stop,100,100,fault,az_stop,P34_FAULT_FAILOVER_MATRIX_100_REAL,True,real,PENDING,Awaiting exact-scale real evidence from P34_FAULT_FAILOVER_MATRIX_100_REAL,,,,,,
100.fault.fault_period_workload_impact,100,100,fault,fault_period_workload_impact,P34_FAULT_FAILOVER_MATRIX_100_REAL,True,real,PENDING,Awaiting exact-scale real evidence from P34_FAULT_FAILOVER_MATRIX_100_REAL,,,,,,
100.fault.majority_partition,100,100,fault,majority_partition,P34_FAULT_FAILOVER_MATRIX_100_REAL,True,real,PENDING,Awaiting exact-scale real evidence from P34_FAULT_FAILOVER_MATRIX_100_REAL,,,,,,
100.fault.minority_partition,100,100,fault,minority_partition,P34_FAULT_FAILOVER_MATRIX_100_REAL,True,real,PENDING,Awaiting exact-scale real evidence from P34_FAULT_FAILOVER_MATRIX_100_REAL,,,,,,
100.fault.network_delay,100,100,fault,network_delay,P34_FAULT_FAILOVER_MATRIX_100_REAL,True,real,PENDING,Awaiting exact-scale real evidence from P34_FAULT_FAILOVER_MATRIX_100_REAL,,,,,,
100.fault.network_flap,100,100,fault,network_flap,P34_FAULT_FAILOVER_MATRIX_100_REAL,True,real,PENDING,Awaiting exact-scale real evidence from P34_FAULT_FAILOVER_MATRIX_100_REAL,,,,,,
100.fault.network_loss,100,100,fault,network_loss,P34_FAULT_FAILOVER_MATRIX_100_REAL,True,real,PENDING,Awaiting exact-scale real evidence from P34_FAULT_FAILOVER_MATRIX_100_REAL,,,,,,
100.fault.network_partition,100,100,fault,network_partition,P34_FAULT_FAILOVER_MATRIX_100_REAL,True,real,PENDING,Awaiting exact-scale real evidence from P34_FAULT_FAILOVER_MATRIX_100_REAL,,,,,,
100.fault.node_host_stop,100,100,fault,node_host_stop,P34_FAULT_FAILOVER_MATRIX_100_REAL,True,real,PENDING,Awaiting exact-scale real evidence from P34_FAULT_FAILOVER_MATRIX_100_REAL,,,,,,
100.fault.primary_stop_failover,100,100,fault,primary_stop_failover,P34_FAULT_FAILOVER_MATRIX_100_REAL,True,real,PENDING,Awaiting exact-scale real evidence from P34_FAULT_FAILOVER_MATRIX_100_REAL,,,,,,
100.fault.replica_stop,100,100,fault,replica_stop,P34_FAULT_FAILOVER_MATRIX_100_REAL,True,real,PENDING,Awaiting exact-scale real evidence from P34_FAULT_FAILOVER_MATRIX_100_REAL,,,,,,
100.fault.split_brain_window_detection,100,100,fault,split_brain_window_detection,P34_FAULT_FAILOVER_MATRIX_100_REAL,True,real,PENDING,Awaiting exact-scale real evidence from P34_FAULT_FAILOVER_MATRIX_100_REAL,,,,,,
200.lifecycle.add_replica,200,200,lifecycle,add_replica,P36_FULL_FLOW_E2E_50_100_200_REAL,True,real,PENDING,Awaiting exact-scale real evidence from P36_FULL_FLOW_E2E_50_100_200_REAL,,,,,,
200.lifecycle.analysis_build,200,200,lifecycle,analysis_build,P36_FULL_FLOW_E2E_50_100_200_REAL,True,real,PENDING,Awaiting exact-scale real evidence from P36_FULL_FLOW_E2E_50_100_200_REAL,,,,,,
200.lifecycle.assign_slots,200,200,lifecycle,assign_slots,P36_FULL_FLOW_E2E_50_100_200_REAL,True,real,PENDING,Awaiting exact-scale real evidence from P36_FULL_FLOW_E2E_50_100_200_REAL,,,,,,
200.lifecycle.baseline_workload,200,200,lifecycle,baseline_workload,P36_FULL_FLOW_E2E_50_100_200_REAL,True,real,PENDING,Awaiting exact-scale real evidence from P36_FULL_FLOW_E2E_50_100_200_REAL,,,,,,
200.lifecycle.cleanup_verify,200,200,lifecycle,cleanup_verify,P36_FULL_FLOW_E2E_50_100_200_REAL,True,real,PENDING,Awaiting exact-scale real evidence from P36_FULL_FLOW_E2E_50_100_200_REAL,,,,,,
200.lifecycle.config_validate,200,200,lifecycle,config_validate,P36_FULL_FLOW_E2E_50_100_200_REAL,True,real,PENDING,Awaiting exact-scale real evidence from P36_FULL_FLOW_E2E_50_100_200_REAL,,,,,,
200.lifecycle.create_cluster,200,200,lifecycle,create_cluster,P36_FULL_FLOW_E2E_50_100_200_REAL,True,real,PENDING,Awaiting exact-scale real evidence from P36_FULL_FLOW_E2E_50_100_200_REAL,,,,,,
200.lifecycle.meet_nodes,200,200,lifecycle,meet_nodes,P36_FULL_FLOW_E2E_50_100_200_REAL,True,real,PENDING,Awaiting exact-scale real evidence from P36_FULL_FLOW_E2E_50_100_200_REAL,,,,,,
200.lifecycle.plan_cluster,200,200,lifecycle,plan_cluster,P36_FULL_FLOW_E2E_50_100_200_REAL,True,real,PENDING,Awaiting exact-scale real evidence from P36_FULL_FLOW_E2E_50_100_200_REAL,,,,,,
200.lifecycle.report_render,200,200,lifecycle,report_render,P36_FULL_FLOW_E2E_50_100_200_REAL,True,real,PENDING,Awaiting exact-scale real evidence from P36_FULL_FLOW_E2E_50_100_200_REAL,,,,,,
200.lifecycle.resource_preflight,200,200,lifecycle,resource_preflight,P36_FULL_FLOW_E2E_50_100_200_REAL,True,real,PENDING,Awaiting exact-scale real evidence from P36_FULL_FLOW_E2E_50_100_200_REAL,,,,,,
200.lifecycle.telemetry_collect,200,200,lifecycle,telemetry_collect,P36_FULL_FLOW_E2E_50_100_200_REAL,True,real,PENDING,Awaiting exact-scale real evidence from P36_FULL_FLOW_E2E_50_100_200_REAL,,,,,,
200.management.add_replica,200,200,management,add_replica,P32_MANAGEMENT_MATRIX_200_REAL,True,real,PENDING,Awaiting exact-scale real evidence from P32_MANAGEMENT_MATRIX_200_REAL,,,,,,
200.management.create_cluster,200,200,management,create_cluster,P32_MANAGEMENT_MATRIX_200_REAL,True,real,PENDING,Awaiting exact-scale real evidence from P32_MANAGEMENT_MATRIX_200_REAL,,,,,,
200.management.meet_nodes,200,200,management,meet_nodes,P32_MANAGEMENT_MATRIX_200_REAL,True,real,PENDING,Awaiting exact-scale real evidence from P32_MANAGEMENT_MATRIX_200_REAL,,,,,,
200.management.rebalance_after_imbalance,200,200,management,rebalance_after_imbalance,P32_MANAGEMENT_MATRIX_200_REAL,True,real,PENDING,Awaiting exact-scale real evidence from P32_MANAGEMENT_MATRIX_200_REAL,,,,,,
200.management.remove_failed_node,200,200,management,remove_failed_node,P32_MANAGEMENT_MATRIX_200_REAL,True,real,PENDING,Awaiting exact-scale real evidence from P32_MANAGEMENT_MATRIX_200_REAL,,,,,,
200.management.remove_primary_drained_or_safe_replaced,200,200,management,remove_primary_drained_or_safe_replaced,P32_MANAGEMENT_MATRIX_200_REAL,True,real,PENDING,Awaiting exact-scale real evidence from P32_MANAGEMENT_MATRIX_200_REAL,,,,,,
200.management.remove_replica,200,200,management,remove_replica,P32_MANAGEMENT_MATRIX_200_REAL,True,real,PENDING,Awaiting exact-scale real evidence from P32_MANAGEMENT_MATRIX_200_REAL,,,,,,
200.management.reshard_slot_range,200,200,management,reshard_slot_range,P32_MANAGEMENT_MATRIX_200_REAL,True,real,PENDING,Awaiting exact-scale real evidence from P32_MANAGEMENT_MATRIX_200_REAL,,,,,,
200.management.reshard_with_keys,200,200,management,reshard_with_keys,P32_MANAGEMENT_MATRIX_200_REAL,True,real,PENDING,Awaiting exact-scale real evidence from P32_MANAGEMENT_MATRIX_200_REAL,,,,,,
200.management.rolling_restart_primary_safe,200,200,management,rolling_restart_primary_safe,P32_MANAGEMENT_MATRIX_200_REAL,True,real,PENDING,Awaiting exact-scale real evidence from P32_MANAGEMENT_MATRIX_200_REAL,,,,,,
200.management.rolling_restart_replica_first,200,200,management,rolling_restart_replica_first,P32_MANAGEMENT_MATRIX_200_REAL,True,real,PENDING,Awaiting exact-scale real evidence from P32_MANAGEMENT_MATRIX_200_REAL,,,,,,
200.fault.az_stop,200,200,fault,az_stop,P35_FAULT_FAILOVER_MATRIX_200_REAL,True,real,PENDING,Awaiting exact-scale real evidence from P35_FAULT_FAILOVER_MATRIX_200_REAL,,,,,,
200.fault.fault_period_workload_impact,200,200,fault,fault_period_workload_impact,P35_FAULT_FAILOVER_MATRIX_200_REAL,True,real,PENDING,Awaiting exact-scale real evidence from P35_FAULT_FAILOVER_MATRIX_200_REAL,,,,,,
200.fault.majority_partition,200,200,fault,majority_partition,P35_FAULT_FAILOVER_MATRIX_200_REAL,True,real,PENDING,Awaiting exact-scale real evidence from P35_FAULT_FAILOVER_MATRIX_200_REAL,,,,,,
200.fault.minority_partition,200,200,fault,minority_partition,P35_FAULT_FAILOVER_MATRIX_200_REAL,True,real,PENDING,Awaiting exact-scale real evidence from P35_FAULT_FAILOVER_MATRIX_200_REAL,,,,,,
200.fault.network_delay,200,200,fault,network_delay,P35_FAULT_FAILOVER_MATRIX_200_REAL,True,real,PENDING,Awaiting exact-scale real evidence from P35_FAULT_FAILOVER_MATRIX_200_REAL,,,,,,
200.fault.network_flap,200,200,fault,network_flap,P35_FAULT_FAILOVER_MATRIX_200_REAL,True,real,PENDING,Awaiting exact-scale real evidence from P35_FAULT_FAILOVER_MATRIX_200_REAL,,,,,,
200.fault.network_loss,200,200,fault,network_loss,P35_FAULT_FAILOVER_MATRIX_200_REAL,True,real,PENDING,Awaiting exact-scale real evidence from P35_FAULT_FAILOVER_MATRIX_200_REAL,,,,,,
200.fault.network_partition,200,200,fault,network_partition,P35_FAULT_FAILOVER_MATRIX_200_REAL,True,real,PENDING,Awaiting exact-scale real evidence from P35_FAULT_FAILOVER_MATRIX_200_REAL,,,,,,
200.fault.node_host_stop,200,200,fault,node_host_stop,P35_FAULT_FAILOVER_MATRIX_200_REAL,True,real,PENDING,Awaiting exact-scale real evidence from P35_FAULT_FAILOVER_MATRIX_200_REAL,,,,,,
200.fault.primary_stop_failover,200,200,fault,primary_stop_failover,P35_FAULT_FAILOVER_MATRIX_200_REAL,True,real,PENDING,Awaiting exact-scale real evidence from P35_FAULT_FAILOVER_MATRIX_200_REAL,,,,,,
200.fault.replica_stop,200,200,fault,replica_stop,P35_FAULT_FAILOVER_MATRIX_200_REAL,True,real,PENDING,Awaiting exact-scale real evidence from P35_FAULT_FAILOVER_MATRIX_200_REAL,,,,,,
200.fault.split_brain_window_detection,200,200,fault,split_brain_window_detection,P35_FAULT_FAILOVER_MATRIX_200_REAL,True,real,PENDING,Awaiting exact-scale real evidence from P35_FAULT_FAILOVER_MATRIX_200_REAL,,,,,,
201.dry_run.artifact_schema_projection_dry_run,201,201,dry_run,artifact_schema_projection_dry_run,P37_200_PLUS_DRY_RUN_SUPPORT,True,dry_run,PENDING,Awaiting P37 dry-run no-runtime proof,,,,,,
201.dry_run.config_validate_dry_run,201,201,dry_run,config_validate_dry_run,P37_200_PLUS_DRY_RUN_SUPPORT,True,dry_run,PENDING,Awaiting P37 dry-run no-runtime proof,,,,,,
201.dry_run.no_runtime_created_proof,201,201,dry_run,no_runtime_created_proof,P37_200_PLUS_DRY_RUN_SUPPORT,True,dry_run,PENDING,Awaiting P37 dry-run no-runtime proof,,,,,,
201.dry_run.placement_schedule_dry_run,201,201,dry_run,placement_schedule_dry_run,P37_200_PLUS_DRY_RUN_SUPPORT,True,dry_run,PENDING,Awaiting P37 dry-run no-runtime proof,,,,,,
201.dry_run.plan_cluster_dry_run,201,201,dry_run,plan_cluster_dry_run,P37_200_PLUS_DRY_RUN_SUPPORT,True,dry_run,PENDING,Awaiting P37 dry-run no-runtime proof,,,,,,
201.dry_run.port_directory_collision_check_dry_run,201,201,dry_run,port_directory_collision_check_dry_run,P37_200_PLUS_DRY_RUN_SUPPORT,True,dry_run,PENDING,Awaiting P37 dry-run no-runtime proof,,,,,,
201.dry_run.report_projection_dry_run,201,201,dry_run,report_projection_dry_run,P37_200_PLUS_DRY_RUN_SUPPORT,True,dry_run,PENDING,Awaiting P37 dry-run no-runtime proof,,,,,,
201.dry_run.resource_preflight_dry_run,201,201,dry_run,resource_preflight_dry_run,P37_200_PLUS_DRY_RUN_SUPPORT,True,dry_run,PENDING,Awaiting P37 dry-run no-runtime proof,,,,,,
250.dry_run.artifact_schema_projection_dry_run,250,250,dry_run,artifact_schema_projection_dry_run,P37_200_PLUS_DRY_RUN_SUPPORT,True,dry_run,PENDING,Awaiting P37 dry-run no-runtime proof,,,,,,
250.dry_run.config_validate_dry_run,250,250,dry_run,config_validate_dry_run,P37_200_PLUS_DRY_RUN_SUPPORT,True,dry_run,PENDING,Awaiting P37 dry-run no-runtime proof,,,,,,
250.dry_run.no_runtime_created_proof,250,250,dry_run,no_runtime_created_proof,P37_200_PLUS_DRY_RUN_SUPPORT,True,dry_run,PENDING,Awaiting P37 dry-run no-runtime proof,,,,,,
250.dry_run.placement_schedule_dry_run,250,250,dry_run,placement_schedule_dry_run,P37_200_PLUS_DRY_RUN_SUPPORT,True,dry_run,PENDING,Awaiting P37 dry-run no-runtime proof,,,,,,
250.dry_run.plan_cluster_dry_run,250,250,dry_run,plan_cluster_dry_run,P37_200_PLUS_DRY_RUN_SUPPORT,True,dry_run,PENDING,Awaiting P37 dry-run no-runtime proof,,,,,,
250.dry_run.port_directory_collision_check_dry_run,250,250,dry_run,port_directory_collision_check_dry_run,P37_200_PLUS_DRY_RUN_SUPPORT,True,dry_run,PENDING,Awaiting P37 dry-run no-runtime proof,,,,,,
250.dry_run.report_projection_dry_run,250,250,dry_run,report_projection_dry_run,P37_200_PLUS_DRY_RUN_SUPPORT,True,dry_run,PENDING,Awaiting P37 dry-run no-runtime proof,,,,,,
250.dry_run.resource_preflight_dry_run,250,250,dry_run,resource_preflight_dry_run,P37_200_PLUS_DRY_RUN_SUPPORT,True,dry_run,PENDING,Awaiting P37 dry-run no-runtime proof,,,,,,
300.dry_run.artifact_schema_projection_dry_run,300,300,dry_run,artifact_schema_projection_dry_run,P37_200_PLUS_DRY_RUN_SUPPORT,True,dry_run,PENDING,Awaiting P37 dry-run no-runtime proof,,,,,,
300.dry_run.config_validate_dry_run,300,300,dry_run,config_validate_dry_run,P37_200_PLUS_DRY_RUN_SUPPORT,True,dry_run,PENDING,Awaiting P37 dry-run no-runtime proof,,,,,,
300.dry_run.no_runtime_created_proof,300,300,dry_run,no_runtime_created_proof,P37_200_PLUS_DRY_RUN_SUPPORT,True,dry_run,PENDING,Awaiting P37 dry-run no-runtime proof,,,,,,
300.dry_run.placement_schedule_dry_run,300,300,dry_run,placement_schedule_dry_run,P37_200_PLUS_DRY_RUN_SUPPORT,True,dry_run,PENDING,Awaiting P37 dry-run no-runtime proof,,,,,,
300.dry_run.plan_cluster_dry_run,300,300,dry_run,plan_cluster_dry_run,P37_200_PLUS_DRY_RUN_SUPPORT,True,dry_run,PENDING,Awaiting P37 dry-run no-runtime proof,,,,,,
300.dry_run.port_directory_collision_check_dry_run,300,300,dry_run,port_directory_collision_check_dry_run,P37_200_PLUS_DRY_RUN_SUPPORT,True,dry_run,PENDING,Awaiting P37 dry-run no-runtime proof,,,,,,
300.dry_run.report_projection_dry_run,300,300,dry_run,report_projection_dry_run,P37_200_PLUS_DRY_RUN_SUPPORT,True,dry_run,PENDING,Awaiting P37 dry-run no-runtime proof,,,,,,
300.dry_run.resource_preflight_dry_run,300,300,dry_run,resource_preflight_dry_run,P37_200_PLUS_DRY_RUN_SUPPORT,True,dry_run,PENDING,Awaiting P37 dry-run no-runtime proof,,,,,,
500.dry_run.artifact_schema_projection_dry_run,500,500,dry_run,artifact_schema_projection_dry_run,P37_200_PLUS_DRY_RUN_SUPPORT,True,dry_run,PENDING,Awaiting P37 dry-run no-runtime proof,,,,,,
500.dry_run.config_validate_dry_run,500,500,dry_run,config_validate_dry_run,P37_200_PLUS_DRY_RUN_SUPPORT,True,dry_run,PENDING,Awaiting P37 dry-run no-runtime proof,,,,,,
500.dry_run.no_runtime_created_proof,500,500,dry_run,no_runtime_created_proof,P37_200_PLUS_DRY_RUN_SUPPORT,True,dry_run,PENDING,Awaiting P37 dry-run no-runtime proof,,,,,,
500.dry_run.placement_schedule_dry_run,500,500,dry_run,placement_schedule_dry_run,P37_200_PLUS_DRY_RUN_SUPPORT,True,dry_run,PENDING,Awaiting P37 dry-run no-runtime proof,,,,,,
500.dry_run.plan_cluster_dry_run,500,500,dry_run,plan_cluster_dry_run,P37_200_PLUS_DRY_RUN_SUPPORT,True,dry_run,PENDING,Awaiting P37 dry-run no-runtime proof,,,,,,
500.dry_run.port_directory_collision_check_dry_run,500,500,dry_run,port_directory_collision_check_dry_run,P37_200_PLUS_DRY_RUN_SUPPORT,True,dry_run,PENDING,Awaiting P37 dry-run no-runtime proof,,,,,,
500.dry_run.report_projection_dry_run,500,500,dry_run,report_projection_dry_run,P37_200_PLUS_DRY_RUN_SUPPORT,True,dry_run,PENDING,Awaiting P37 dry-run no-runtime proof,,,,,,
500.dry_run.resource_preflight_dry_run,500,500,dry_run,resource_preflight_dry_run,P37_200_PLUS_DRY_RUN_SUPPORT,True,dry_run,PENDING,Awaiting P37 dry-run no-runtime proof,,,,,,
1000.dry_run.artifact_schema_projection_dry_run,1000,1000,dry_run,artifact_schema_projection_dry_run,P37_200_PLUS_DRY_RUN_SUPPORT,True,dry_run,PENDING,Awaiting P37 dry-run no-runtime proof,,,,,,
1000.dry_run.config_validate_dry_run,1000,1000,dry_run,config_validate_dry_run,P37_200_PLUS_DRY_RUN_SUPPORT,True,dry_run,PENDING,Awaiting P37 dry-run no-runtime proof,,,,,,
1000.dry_run.no_runtime_created_proof,1000,1000,dry_run,no_runtime_created_proof,P37_200_PLUS_DRY_RUN_SUPPORT,True,dry_run,PENDING,Awaiting P37 dry-run no-runtime proof,,,,,,
1000.dry_run.placement_schedule_dry_run,1000,1000,dry_run,placement_schedule_dry_run,P37_200_PLUS_DRY_RUN_SUPPORT,True,dry_run,PENDING,Awaiting P37 dry-run no-runtime proof,,,,,,
1000.dry_run.plan_cluster_dry_run,1000,1000,dry_run,plan_cluster_dry_run,P37_200_PLUS_DRY_RUN_SUPPORT,True,dry_run,PENDING,Awaiting P37 dry-run no-runtime proof,,,,,,
1000.dry_run.port_directory_collision_check_dry_run,1000,1000,dry_run,port_directory_collision_check_dry_run,P37_200_PLUS_DRY_RUN_SUPPORT,True,dry_run,PENDING,Awaiting P37 dry-run no-runtime proof,,,,,,
1000.dry_run.report_projection_dry_run,1000,1000,dry_run,report_projection_dry_run,P37_200_PLUS_DRY_RUN_SUPPORT,True,dry_run,PENDING,Awaiting P37 dry-run no-runtime proof,,,,,,
1000.dry_run.resource_preflight_dry_run,1000,1000,dry_run,resource_preflight_dry_run,P37_200_PLUS_DRY_RUN_SUPPORT,True,dry_run,PENDING,Awaiting P37 dry-run no-runtime proof,,,,,,
